System_Time,Range_M,FP_Index,S_0,S_1,S_2,S_3,S_4,S_5,S_6,S_7,S_8,S_9,S_10,S_11,S_12,S_13,S_14,S_15,S_16,S_17,S_18,S_19,S_20,S_21,S_22,S_23,S_24,S_25,S_26,S_27,S_28,S_29,S_30,S_31,S_32,S_33,S_34,S_35,S_36,S_37,S_38,S_39,S_40,S_41,S_42,S_43,S_44,S_45,S_46,S_47,S_48,S_49,S_50,S_51,S_52,S_53,S_54,S_55,S_56,S_57,S_58,S_59,S_60,S_61,S_62,S_63,S_64,S_65,S_66,S_67,S_68,S_69,S_70,S_71,S_72,S_73,S_74,S_75,S_76,S_77,S_78,S_79,S_80,S_81,S_82,S_83,S_84,S_85,S_86,S_87,S_88,S_89,S_90,S_91,S_92,S_93,S_94,S_95,S_96,S_97,S_98,S_99,S_100,S_101,S_102,S_103,S_104,S_105,S_106,S_107,S_108,S_109,S_110,S_111,S_112,S_113,S_114,S_115,S_116,S_117,S_118,S_119,S_120,S_121,S_122,S_123,S_124,S_125,S_126,S_127
1776376806.2953095,0.5771,740.39,708,16,4437,4592,3934,0,1207,27,23,10,9,15,65535,5,8,7,65528,22,19,4,24,9,55,43,35,41,6,23,0,65522,65532,65511,65501,10,65530,27,14,11,47,11,54,18,31,41,15,50,65532,24,9,39,6,60,24,51,38,31,55,36,65530,50,15,21,65531,0,41,2,57,7,38,6,99,65164,1094,64046,3579,63377,4070,63348,3908,567,1416,3532,62903,3515,63547,611,1806,63257,3388,64763,1098,2430,63408,3249,63882,2043,444,478,974,65535,65425,261,64052,452,63834,48,64892,64897,70,64175,203,64279,34,64932,54,7,65533,405,65071,339,64511,65403,64884,65236,369,65424,1267,417
1776376807.8596282,0.5865,746.36,714,24,3953,4108,3669,0,1082,65520,59,10,27,6,10,9,19,47,42,11,24,23,11,22,65531,10,40,35,37,32,52,65535,19,28,88,24,64,18,31,14,20,13,9,37,14,25,31,65533,14,65520,8,6,26,9,11,2,17,65533,36,33,8,25,1,25,65533,26,7,36,29,49,65529,45,65476,553,64593,2011,62370,2609,62080,2534,62216,64745,64284,61810,1922,61980,1264,111,63549,2682,62729,562,64821,62746,1688,62343,994,63958,64774,65430,64649,65495,178,65042,1558,64873,1686,65455,669,649,132,1314,163,1204,282,539,111,2,65,65099,529,65099,1077,76,678,428,65144,403,64160,65352
1776376809.3665998,0.5489,747.81,715,20,4494,4416,2715,0,1123,65502,49,65513,63,19,65521,14,65520,37,16,38,19,41,12,29,54,8,14,65527,65534,65535,5,65504,10,65521,68,65534,38,2,15,28,2,48,65533,34,30,15,25,9,65527,65535,65485,65527,65518,0,14,7,28,19,9,12,21,13,20,5,27,34,11,21,32,38,16,43,8,415,89,2621,487,4161,1132,4131,1564,3418,1154,63861,63455,62379,62582,64222,63362,2779,1413,2276,1748,64174,64421,63078,62673,64713,62828,1058,64401,609,65345,64851,65435,63551,65093,64126,65255,65350,202,564,932,591,1211,271,724,102,172,65491,65374,65202,65285,65125,34,65491,177,551,65475,697
1776376810.8715541,0.3472,746.52,714,24,4621,4576,3833,0,1290,12,11,4,13,65529,1,65524,16,65510,14,65495,31,65513,31,31,32,29,13,15,39,40,39,11,59,52,80,56,69,34,30,32,45,57,31,42,21,12,65534,57,3,74,40,47,70,19,62,5,22,48,14,52,65530,41,25,25,30,28,33,8,3,11,65532,18,37,622,65274,3432,63904,4135,63745,4201,63828,3640,63094,64241,62546,61405,64091,62955,63768,2314,65529,340,797,62207,16,62250,64306,542,64241,2424,65115,199,151,63395,611,63576,566,65143,176,51,204,65193,696,64795,684,65074,54,65285,65296,65253,65526,65178,178,65195,99,65040,203,64714,718,64868
1776376812.3769813,0.1361,751.34,719,32,4613,4634,4225,0,1309,22,8,73,41,105,52,84,23,33,0,16,13,24,13,66,19,60,65489,50,65485,24,65501,12,65501,65514,65502,20,7,11,10,65529,65533,65495,65516,65498,65496,65484,65507,65529,65526,65527,11,12,65535,0,5,65535,1,65501,65508,65488,65475,65472,65500,65504,65519,65489,65504,65482,65493,65455,65496,65496,65523,64394,331,61595,1058,61139,871,61052,440,61033,65307,62072,63628,2290,63058,3884,446,65063,1821,62304,65462,413,63908,3701,64718,2590,271,221,138,65518,1,196,65518,1118,74,1373,273,848,199,506,65508,361,65422,113,65521,9,7,69,21,720,59,1618,12,1359,94,655,176,678
1776376813.8818207,-0.0235,746.72,714,44,4806,4755,3285,0,1633,34,65515,65480,36,65534,65509,45,65482,85,65442,38,65486,65501,11,65503,65533,65495,65508,65487,65520,65442,65534,65506,37,65506,65530,65455,65482,2,9,12,65513,65461,198,65455,127,65516,157,65535,37,65526,41,65439,215,65410,221,65407,194,65421,140,65434,142,65411,232,65495,95,65532,2,65514,48,65472,156,65472,142,8,215,475,3161,241,4689,65286,4736,64946,4719,64602,4660,64024,2070,300,61374,689,61362,65156,21,64612,2979,74,65114,804,61542,521,62457,65482,65527,65494,367,287,64377,203,63521,65460,64522,3,65386,242,65305,747,64381,913,63678,1082,63611,1440,63485,1449,63441,934,64084,365,65029,72
1776376815.3857622,0.0704,745.56,713,40,4501,4498,3622,0,1285,34,65521,70,65520,89,36,48,42,14,9,16,65535,54,65521,94,31,65,65535,56,65525,29,65481,60,65515,91,40,32,7,17,34,65534,65528,65497,65479,65481,65478,65523,65505,65530,65533,65502,65497,65535,65490,65508,65489,65524,65501,25,65523,8,0,2,1,65524,65520,65519,65507,65507,65488,65519,65475,65532,65527,65100,65416,62245,64258,61492,63766,61538,63572,61546,63541,61426,63915,64075,1092,3587,1942,2427,64824,63770,62706,63675,64388,1875,1926,3238,1901,1673,484,380,65448,375,46,1028,531,876,659,209,179,146,43,1128,240,1913,570,1195,668,292,348,65501,129,65520,42,60,23,737,70,1067
1776376816.9489062,0.1173,749.58,717,48,4057,4050,3204,0,1298,65467,65517,65484,17,65483,65513,65498,65514,65480,65512,65475,65528,65463,13,65504,65490,65517,65475,65459,65505,65414,4,0,39,40,65530,11,65530,65535,81,48,137,54,89,65,80,68,58,74,66,43,71,65513,36,65516,22,62,123,65528,10,65527,0,37,30,11,44,5,63,38,96,11,28,38,34,378,428,2048,2749,2964,3366,3339,3040,3563,2765,3599,2682,2231,2749,62471,65061,62457,64533,361,65153,1180,65210,65058,65104,62485,63944,63241,63917,64873,64263,65131,64475,64845,64648,64874,65002,65195,65312,65122,65150,64419,64286,64087,63746,64644,64055,65217,64727,65504,65391,65532,65533,65217,65408,64504,65027,64546
1776376818.4538114,0.1783,745.92,713,44,4595,4469,2453,0,1338,65482,107,65503,92,65499,71,65490,33,65528,25,65527,13,65515,59,65513,86,50,88,107,68,72,50,12,51,65535,83,50,53,8,11,8,5,84,65520,97,16,104,8,47,65517,30,65518,69,65525,103,2,108,65513,73,13,74,55,66,71,71,45,57,37,24,13,9,13,41,65519,161,65311,566,63219,766,61253,1096,61209,1796,61440,2553,61857,3542,63414,1437,3072,63161,3131,64318,64799,1176,62984,260,291,63934,2958,64154,1901,65379,247,65509,125,64915,788,64151,1316,64666,783,65326,422,65324,624,64988,771,64761,791,64878,935,65367,1207,413,1566,526,1862,38,1732,65208
1776376820.183076,0.1971,725.28,693,40,4428,4750,4500,0,910,24,65525,47,65530,117,65518,87,65516,47,65524,52,65525,61,65517,74,65516,26,65525,26,65467,24,65521,65526,14,6,65507,65511,65486,17,6,65530,21,65485,30,65476,4,65489,16,65492,27,65507,23,65487,3,65470,65531,17,65532,65532,14,65521,19,65513,19,65505,23,65518,16,65498,39,65461,37,65426,59,64882,1359,63939,4124,63387,4236,62589,3715,61648,2572,61103,65289,63950,61749,2709,62273,2929,1442,64897,2375,64618,64642,1012,62327,2991,63621,1831,146,235,137,297,65283,792,65113,976,65205,795,65029,699,64580,809,64647,970,65180,743,65529,242,65489,266,65041,697,64280,749,64613,369,65258,152
1776376821.8869455,0.2534,747.62,715,24,4578,4732,3587,0,1287,65469,89,21,72,4,23,4,16,0,16,3,45,6,22,9,19,62,40,40,84,11,63,65528,71,65534,81,34,24,65521,10,65505,14,54,36,81,32,82,12,45,13,26,17,61,65532,58,65514,40,1,16,26,24,51,75,36,52,33,28,35,10,30,38,1,94,65512,219,65090,948,62205,1679,61243,2478,61597,3299,62231,4113,63425,3619,1585,64954,4206,63100,2233,146,63555,1279,63924,64666,1409,63339,2217,64900,542,10,6,65481,132,64565,637,63715,789,64452,521,65123,330,65087,295,64949,385,65075,707,65237,642,65250,178,64982,65446,64821,176,64827,737,65138
1776376823.3897674,0.3519,748.92,716,20,4422,4370,2388,0,1153,7,22,39,65535,32,5,29,17,24,19,25,14,13,11,6,19,65525,65530,1,65499,13,1,14,10,65532,13,65517,65529,65507,24,8,37,25,43,9,30,65523,9,65527,15,2,65533,65514,14,65535,41,65527,15,34,65533,48,0,8,14,65513,9,65517,17,65531,36,6,65529,7,4,65534,151,65146,2311,64314,4085,63654,3972,62899,3528,61874,2128,62467,63523,419,61700,2782,65112,1925,2595,186,787,64794,63045,201,63151,623,65441,672,552,208,151,21,65344,29,65000,110,65034,114,65239,272,65336,882,65208,1453,65075,865,65306,65520,65507,65297,65488,305,65470,1463,65221,2016
1776376825.0799315,0.6193,747.45,715,24,4498,4538,3822,0,1147,8,52,27,21,8,30,30,28,16,25,65526,36,20,24,27,33,62,32,53,27,71,8,64,13,50,65499,34,23,4,23,65504,65531,11,9,62,22,49,4,55,2,61,65522,70,65527,43,18,25,9,39,65523,46,3,16,26,16,13,31,7,34,65500,54,65510,41,65514,65149,64750,64053,62095,64640,61232,289,61109,1809,61541,3551,64060,1304,3246,62947,2547,63483,64492,1554,63561,2278,695,207,2989,64459,1794,65314,60,393,65487,459,330,65505,429,65212,90,65348,65494,12,438,65254,1013,64884,853,65059,351,65303,219,65191,447,65055,535,65214,314,65406,223,20
1776376826.761935,0.5818,745.55,713,20,4439,4551,3664,0,1043,17,21,37,21,8,20,65530,44,11,30,34,62,19,47,65534,57,39,4,61,65534,65528,30,65528,23,65532,24,26,65524,11,46,65512,60,3,73,39,33,47,22,12,29,16,18,23,15,37,33,56,65534,36,65528,6,29,34,18,37,2,23,26,28,8,13,65526,65508,11,64977,216,62145,1018,61218,855,61144,65439,63006,62961,2693,62451,3670,63326,647,64880,62242,1429,64825,170,2617,64556,2160,64815,64963,299,64161,580,47,5,1055,65040,772,64779,47,65127,65429,251,354,612,916,17,706,64914,65324,65190,64605,404,65183,513,815,45,1486,65402,1007,65516,498
1776376828.481941,0.0891,749.73,717,36,4421,4442,3007,0,1205,3,25,14,4,42,65519,52,65509,45,65496,29,65527,33,65523,32,65526,4,65522,65527,65509,26,65526,4,65532,10,65474,65490,65504,16,4,65533,19,65516,39,65474,51,65475,26,65511,21,65512,30,65503,43,65482,87,65485,61,65479,54,65518,45,65531,24,65532,22,65520,16,65498,30,65494,46,65520,28,65459,165,64331,2705,63717,3987,63436,3895,62954,3597,62163,2050,65490,62475,2961,62461,2630,772,64753,3309,64707,65339,1019,62221,2239,63017,740,40,65365,567,100,65380,723,64649,1077,64828,629,65274,277,65302,367,64993,460,64865,496,64940,619,64860,810,64582,547,64579,130,64975,24,65193,296
1776376830.0859268,0.5865,744.73,712,20,4425,4413,2960,0,1323,57,50,53,5,30,65510,32,21,48,36,36,32,6,9,9,23,58,65527,53,11,32,11,39,33,47,24,38,15,21,65519,65523,65517,14,65505,10,0,22,65533,18,65533,20,13,49,11,85,65506,53,27,35,51,36,25,50,8,39,4,25,65521,40,65534,35,1,65507,65496,65116,64965,63998,62981,64333,61444,505,61252,2763,64319,1379,4040,65049,4497,63602,1687,64644,61835,297,62812,366,2230,65277,3425,65190,286,20,63618,329,64912,135,1062,65139,1652,65099,528,65290,65382,65226,65510,64705,923,64207,1863,64693,892,65487,64744,410,63957,257,65470,136,1655,65517,1083,65422
1776376831.81786,0.5536,747.73,715,20,4838,4746,3176,0,1418,83,65529,59,65533,65533,62,30,44,25,22,14,10,25,26,20,35,65530,21,30,10,11,65511,27,10,26,46,21,65519,26,20,14,15,28,22,37,15,21,1,6,65515,38,65523,21,38,26,16,18,4,65533,5,42,20,83,65514,40,5,12,16,12,65530,16,65523,65517,8,65032,208,62575,892,61074,1168,60856,664,60970,64658,62975,62128,1737,61586,3343,64500,517,3109,64706,3193,65414,667,212,64902,65280,65335,65106,341,65533,260,134,197,65289,153,64364,89,64696,3,560,25,1489,65421,255,65246,64359,65109,64847,65482,915,456,2325,550,2034,125,756,139,0
1776376833.4349303,0.5583,744.72,712,24,4329,4218,2877,0,1225,65519,65494,65515,19,27,12,34,65530,15,1,65535,15,10,35,34,23,36,42,3,36,65521,45,65535,7,41,24,2,0,65518,15,10,6,4,19,65521,20,65521,2,10,2,14,44,6,23,65518,0,65533,14,20,34,29,25,15,15,18,5,22,15,65523,24,65516,17,28,46,442,366,2414,1930,3614,2494,3730,2471,2975,3231,64859,3655,61476,428,62415,63716,2484,63802,3902,65098,797,130,63346,636,64283,495,177,7,472,65219,105,65487,65392,639,65364,1312,50,541,65435,65121,64900,64370,64958,65129,65363,198,22,65532,65380,64623,64727,63803,64825,64461,19,65378,696
1776376835.1529233,0.6334,749.55,717,24,4585,4535,3563,0,1376,75,118,17,38,25,11,10,15,65524,31,31,59,19,5,38,6,24,36,8,45,36,28,8,35,14,15,65521,23,35,47,24,16,35,28,27,66,22,54,20,65533,9,65510,11,65530,15,22,12,35,23,27,37,32,40,50,27,21,59,24,45,19,30,7,65510,65496,65149,64824,64009,62368,63369,61556,63378,61504,57,61457,3987,64770,4251,1601,1825,1593,62023,251,61693,65357,64719,244,1771,126,853,65357,65023,65486,64856,130,7,65463,526,64654,437,64025,65512,64902,164,720,831,1683,685,638,2,65320,65104,42,65326,1118,579,1952,530,1060,65121,65502,64043
1776376836.8619077,0.5771,748.16,716,20,4167,4402,3994,0,1163,107,47,34,25,28,65534,15,11,23,0,1,31,12,50,8,0,33,65512,48,65512,27,19,19,49,9,46,42,3,13,12,21,40,39,27,57,5,24,16,27,4,9,8,6,30,34,49,26,16,16,4,65517,13,65521,31,36,16,40,9,32,24,65510,21,65295,65383,63912,64441,62099,63395,61662,63512,61928,63388,413,63516,4166,47,3636,674,64400,1085,61621,853,62989,742,660,65431,1378,64916,43,65357,64975,340,65323,220,89,65008,65463,64161,65103,64533,65500,41,1008,932,1390,770,390,65502,65281,65368,68,426,1061,1126,1339,902,193,211,64288,65418,64101
1776376838.4178708,0.5771,748.92,716,24,4534,4334,2410,0,1182,4,0,65532,14,25,46,25,35,23,12,19,20,22,27,16,20,34,47,9,56,19,33,16,65532,28,3,0,17,2,35,65532,10,30,12,11,9,65492,6,16,65532,31,30,5,34,4,5,65533,3,1,17,20,14,3,23,65511,24,4,14,23,33,19,8,49,65512,347,65,2245,767,4030,1323,4228,1330,3883,1976,467,3344,61748,1620,61921,347,721,63967,3017,63333,1087,64124,64333,381,64542,951,255,160,476,65126,91,65353,22,478,480,1112,708,683,65518,65362,64214,64789,64251,65218,65394,161,268,1,65266,65001,64224,64714,64171,65045,65330,65282,1050
1776376840.055878,0.6287,746.88,714,20,4809,4634,2685,0,1280,104,17,84,27,65534,21,1,65528,16,10,12,65523,9,18,15,36,54,39,50,19,27,55,15,35,8,76,36,25,38,15,15,36,65521,21,21,12,17,65527,29,7,7,65532,3,65535,30,11,34,65528,5,65521,65529,65518,65530,15,65526,24,17,22,24,65533,65531,65500,65524,14,65185,96,62965,458,61112,839,60963,944,61099,11,64504,62359,3081,62287,2842,63632,65065,2261,63743,3387,65354,1072,1187,64036,625,64269,65372,198,65400,825,23,242,65151,65020,64336,64711,64596,65303,346,199,1784,77,1138,65289,65449,65476,65240,243,619,401,1731,127,1402,65378,162,253,64681
1776376841.5629647,0.6662,748.75,716,16,1691,2224,1510,0,154,65499,65481,73,65513,89,59,65512,91,65500,15,35,65505,79,65508,106,70,1,110,65452,36,65530,65465,85,65514,87,50,65533,103,65465,22,0,65441,86,65506,69,53,65529,104,65464,19,26,65466,84,7,45,82,65531,88,65480,19,24,65447,76,22,21,86,65506,61,65507,65533,81,65473,172,99,588,498,1317,877,1974,1106,1449,1074,65142,1202,63956,1073,64232,538,134,65106,983,64820,768,65163,34,196,65295,267,29,65512,255,65332,246,65534,109,400,112,606,163,385,23,37,65230,65367,65125,65431,65362,96,41,50,65504,65279,65221,65104,65099,65191,65460,65300,383,65339,410
1776376843.068553,0.5583,751.08,719,28,4024,4070,3864,0,1209,65504,10,65529,43,8,24,2,65533,26,65535,18,65526,13,13,22,3,7,6,65509,25,65524,33,18,65524,20,65524,0,40,0,30,32,14,6,20,3,65531,32,16,62,58,37,20,65525,10,65517,65534,3,34,0,31,17,25,35,21,21,26,65519,26,12,12,9,39,209,122,1604,1236,3204,2724,3358,2935,2898,3331,65254,3641,61624,871,61770,65174,531,64571,3682,64186,2753,63963,65408,65107,64246,634,65361,341,491,65342,349,65326,116,395,356,1293,513,995,65505,65347,64311,64218,64239,64708,65423,147,405,255,9,65115,64510,64307,64175,64450,65247,65095,976,65113,1394
1776376844.5789087,0.6193,748.39,716,24,4452,4485,3770,0,1183,65518,24,39,13,30,28,65521,65526,65534,11,3,35,11,25,40,43,16,20,26,24,19,6,28,65519,65527,65535,65529,18,7,65533,21,65529,25,65534,65504,27,2,46,5,43,27,21,23,37,4,41,10,50,65532,60,4,31,0,16,65527,22,65532,35,7,42,54,11,165,65519,1232,65367,3613,64845,4205,64355,4205,64488,3135,1640,64799,3920,63464,3476,64440,105,711,62011,809,62652,65412,90,65085,1370,65507,151,196,64760,182,65150,412,448,1022,937,1097,478,253,65487,64559,8,64132,485,65243,450,402,82,65481,65298,64304,65343,63887,139,64958,65513,594,64797,867
1776376846.123908,0.6334,748.59,716,20,4111,4123,3094,0,1087,65,65501,65500,65530,65529,13,24,7,27,3,35,65530,6,13,65526,54,1,28,25,15,41,65500,34,65525,23,5,65526,65521,26,65531,39,4,22,1,18,19,19,24,30,29,31,11,65528,41,3,18,65531,23,65533,46,4,35,18,13,14,6,9,65535,3,24,20,63,17,105,65156,715,63651,2633,63201,3549,63204,3538,62232,1148,62827,62608,63704,61852,65437,63881,2408,2376,2230,2865,490,762,64768,64491,65352,65055,680,501,589,648,65140,317,64158,407,64392,594,65364,332,599,65030,692,64218,65509,64928,65228,331,235,341,1015,64999,1108,64168,520,64958,328,824,509
1776376847.6268928,0.624,748.17,716,24,4144,4453,4095,0,1146,36,65518,65533,21,23,65532,38,65535,31,65518,30,0,34,1,32,22,25,14,14,65530,65530,10,24,39,42,6,16,65521,4,5,20,24,53,20,7,11,1,27,26,11,40,8,54,65531,47,3,29,11,27,26,7,9,12,65535,65529,22,14,40,10,38,23,23,65477,269,64689,1652,63658,3641,63587,3981,63012,3528,61711,606,62745,62535,64361,62127,1466,160,2447,2931,1326,2085,65168,65103,64874,64393,197,65457,797,586,273,394,64862,198,64251,386,64901,523,324,56,1009,64537,543,64332,65386,65367,65443,267,505,65385,1048,64344,813,64241,365,65414,443,1235,631
1776376849.3528972,0.6287,745.58,713,24,4282,4329,3315,0,1159,65525,76,31,30,35,16,22,35,9,11,5,4,20,41,28,23,28,7,5,26,17,23,65503,65532,0,4,65531,29,20,36,37,20,66,0,15,29,65529,34,19,21,21,65522,21,31,65531,41,28,20,19,10,18,16,27,26,40,71,16,37,65528,36,65520,65514,65533,65440,230,64785,1270,62542,1649,61623,1883,61728,3328,63666,3572,1991,2691,3111,353,1535,62652,63938,62704,63345,64842,64807,1205,690,593,486,64958,65363,64765,65159,171,65187,1077,64807,898,64672,59,65228,65151,715,65364,1544,286,570,183,65212,65131,65398,64661,932,64923,1683,65345,687,65097,64897,64605
1776376851.0338318,0.5959,743.67,711,28,4509,4613,3300,0,1253,65509,12,65525,20,41,9,20,32,65533,21,7,37,11,21,27,20,20,65526,31,10,11,2,21,10,15,65525,9,7,3,24,39,4,27,65515,15,32,3,43,38,50,1,28,13,18,9,18,5,12,31,17,37,33,18,32,21,8,65529,40,8,63,25,22,45,65493,593,40,3054,1100,4108,2137,3858,2723,2957,3626,129,4331,62772,2951,64073,903,1045,63955,1771,62833,701,63894,65314,209,65293,538,144,65382,313,64791,297,65156,657,387,1184,809,654,217,64911,65201,63635,65382,64457,353,134,171,223,65185,64737,64763,63594,65078,64146,65439,47,64956,1273
1776376852.5688493,0.6287,749.77,717,20,4745,4613,3018,0,1332,67,53,65535,9,2,8,22,65522,23,65526,28,38,27,30,27,33,11,32,41,58,51,23,61,38,29,76,17,22,2,2,3,7,26,29,24,13,28,28,20,21,29,5,65532,65527,44,21,39,40,27,65526,7,65533,31,4,15,7,24,9,13,65533,0,65523,65523,25,65032,65467,62712,64801,61210,64428,61109,64306,62110,62894,25,61289,2417,61809,2250,63932,65055,2707,63592,3283,64403,1129,380,64503,638,64851,88,571,65298,891,65204,65505,64844,64553,64759,64636,65286,65485,726,459,1614,197,779,65150,65337,65210,65390,244,932,824,2100,615,1352,171,65357,369,64266
1776376854.3158362,0.6428,748.22,716,24,4212,4442,3980,0,1162,62,41,39,65518,35,0,19,29,10,26,13,42,13,65529,65534,65521,27,7,14,33,18,34,14,0,65534,3,32,22,33,35,1,65535,22,28,32,17,9,23,65524,18,65524,11,13,25,21,45,30,65529,65513,22,65535,24,5,65532,49,32,57,33,24,46,11,9,65455,65354,65215,63921,65098,61679,65123,61211,344,61411,2870,63076,4196,65482,3393,1058,65084,1296,62096,665,62924,9,60,65376,1285,65506,338,186,64883,296,64897,65511,65510,64792,346,64170,42,64625,65443,119,306,1104,696,881,353,65426,65430,65252,65290,606,293,1752,634,1510,65468,293,64255,64959,64252
1776376856.0568945,0.563,747.83,715,24,4560,4400,2694,0,1173,28,103,33,96,11,14,65522,65529,65531,39,8,52,18,26,15,4,57,8,20,27,76,64,55,40,41,34,35,27,60,21,29,6,8,1,8,26,28,41,35,65521,19,0,17,65519,11,27,12,18,55,11,64,0,31,11,21,20,31,42,65,42,33,3,18,65502,65468,65198,65254,62922,65184,61234,65112,61092,65130,61149,301,63981,670,3936,65181,3695,63339,65080,62879,63223,63980,65312,486,1683,1052,924,168,65354,65173,65409,65334,70,331,65353,772,64498,400,64481,15,257,141,1650,314,1010,210,65265,72,65213,65506,790,191,1978,323,1478,65438,238,64632
1776376857.6999562,0.5677,747.12,715,16,4198,4386,4274,0,1075,0,65510,19,41,40,30,6,36,4,41,5,28,1,11,65533,21,47,65532,65535,65516,65514,65534,65521,65526,21,65528,32,65530,4,65528,65531,9,23,21,15,65535,25,3,65520,31,11,22,27,65519,27,65527,44,4,28,17,65528,65528,65514,65525,65511,65527,65513,65522,15,20,33,19,77,171,65249,1888,64023,3926,63401,3883,62854,3558,62174,2612,64220,63945,1946,62302,918,64983,653,1291,1304,1048,1476,65127,315,64884,65419,65428,165,108,362,147,65490,268,64782,889,64993,1139,237,312,468,64913,76,65100,65501,338,292,322,738,64649,771,63205,564,63540,1012,65058,1938,942,1596
1776376859.427855,0.5912,744.56,712,20,4582,4438,3430,0,1070,72,65492,5,11,65532,26,18,27,65529,11,11,65530,26,12,65520,65530,67,2,75,65512,17,65502,65530,18,45,52,47,15,14,10,16,9,2,11,23,65532,26,7,32,36,65535,17,26,14,39,65534,34,20,6,65532,8,65516,25,65524,19,65525,23,65531,15,65526,22,28,15,96,65044,718,62614,2062,61579,1953,61312,1461,61188,816,63604,64710,3130,64155,1485,65524,65182,1497,65520,2388,1360,1317,1131,65288,190,65180,65502,147,25,372,65303,83,64411,65376,64038,158,65145,329,685,65328,666,64910,65424,7,65262,662,572,276,1661,64632,1804,63985,1150,65053,748,1277,405
1776376861.0358655,0.5959,748.34,716,24,4165,4314,3945,0,1003,65533,65519,43,18,35,9,65528,16,65534,13,10,16,22,12,1,35,65512,65517,65503,2,65531,35,14,42,5,21,15,3,0,1,17,65520,65504,65530,65479,11,6,53,24,63,52,48,18,33,65511,16,14,39,11,51,8,36,11,25,11,31,65507,51,29,12,29,22,73,3,1133,222,3550,1691,3730,2446,3478,2858,3044,3206,65373,1029,62822,63233,65141,64735,1754,65457,1782,64525,65531,63804,64783,64861,65387,72,206,65472,190,65331,92,235,550,1007,993,938,313,73,64599,65099,64453,65403,78,13,579,65276,65189,65013,63496,64956,63222,65188,64732,64800,883,63866,1258
1776376862.6427753,0.6193,747.78,715,24,4532,4494,2862,0,1086,65526,65523,65515,30,8,47,19,27,4,20,0,58,65534,64,13,69,39,36,12,65508,21,6,65518,23,3,38,12,0,65529,28,40,14,39,4,3,14,65515,5,0,4,7,41,23,13,8,65515,65529,65533,15,27,65526,65,8,47,65535,47,65520,16,65519,8,65527,20,22,30,255,288,989,2652,864,4315,376,4475,65445,4483,64873,3256,64977,63017,65434,63085,427,370,1791,1150,2203,65121,844,64216,65368,65087,30,52,313,23,128,86,65245,664,65305,1408,254,896,67,65191,64954,64497,65209,65246,443,304,599,65396,65289,64165,64298,63456,64863,64040,1029,64841,2268
1776376864.1608474,0.6428,743.89,711,20,4651,4609,2634,0,1166,38,65521,27,65530,65515,21,19,65534,28,65528,33,65510,54,65527,13,65501,44,65533,67,50,21,40,60,65533,44,4,27,65533,6,14,65512,34,9,25,40,65527,47,24,25,12,42,37,38,62,31,43,34,23,22,65517,25,31,55,4,35,65502,45,65504,30,14,2,65535,6,60,65281,103,63050,64976,61375,63778,61473,63217,61755,62770,62908,62671,2323,429,2518,1520,65211,264,63482,723,64420,1820,613,1487,671,228,80,65526,65359,234,65415,121,65267,65027,64615,64593,64651,65217,275,289,1338,196,671,65474,65100,206,65313,634,1249,716,2559,255,1816,319,198,1174,64484
1776376865.7757912,0.6052,745.83,713,20,4306,4367,2672,0,1036,65533,20,10,43,46,4,30,25,18,65533,20,15,39,51,14,63,65531,32,65478,3,9,14,65518,46,13,26,65532,3,16,13,30,8,29,13,65518,31,65493,27,65533,23,27,23,37,19,65523,12,65496,43,24,45,37,20,30,23,65534,54,65482,78,65521,52,24,12,63,2,367,65512,2501,794,3892,2012,3707,2509,3395,2928,2091,2981,63209,65110,63276,64062,405,65279,2100,64799,1271,63777,65043,64160,64982,65359,24,25,233,65307,146,65485,290,548,867,958,809,332,65264,65269,64294,65359,64999,136,498,65476,274,65051,64305,64952,63069,65344,63903,65291,67,64490,1291
1776376867.4168,0.624,748.78,716,24,4578,4403,2787,0,1079,31,2,19,22,2,61,30,26,40,14,29,3,0,65534,65496,1,32,0,63,10,41,65534,32,15,11,44,41,14,34,65525,65535,12,49,22,93,65520,71,65506,22,65535,9,38,8,37,40,65517,13,65529,65521,20,18,38,39,37,30,9,7,65517,14,65507,65531,7,65535,54,65303,409,63176,1710,61615,1928,61319,1446,61157,886,62215,65115,2173,63788,2423,64663,65430,709,65002,2281,875,1921,1411,323,424,65240,0,83,101,331,65534,156,64954,65412,64338,174,64964,462,538,65455,942,64710,294,65203,65452,550,453,462,1407,64801,1707,63760,1219,64581,938,857,751
1776376868.950738,0.624,744.73,712,16,4283,4232,2809,0,521,8,23,3,32,65534,11,12,65527,26,34,29,39,7,31,26,27,14,14,22,0,1,33,65527,19,11,24,19,36,21,40,9,6,65531,19,65533,40,31,37,19,46,23,19,23,14,24,8,25,27,21,61,7,18,20,15,21,42,27,45,21,31,10,2,33,65524,713,65294,2715,65082,4206,65357,4213,389,3094,1001,64765,857,62880,207,64821,65327,713,64792,488,64560,65317,65069,65236,60,65498,49,69,65383,60,65387,173,84,399,188,417,65517,60,65413,65216,75,65278,202,38,6,36,65310,65172,65448,64769,334,64876,461,65238,65532,65504,64906,75
1776376870.6917636,0.624,747.06,715,16,4537,4537,4259,0,940,77,65501,24,65533,14,1,5,13,19,8,10,25,9,6,11,17,68,65521,55,65496,28,65500,50,65522,39,16,26,6,12,65531,9,3,58,65528,70,65506,12,7,25,10,30,23,59,2,52,65524,45,20,15,65535,17,65534,4,65526,7,65534,3,65521,1,18,65535,15,65430,197,63728,1345,61766,1926,61374,1470,61209,812,62242,64929,2179,63683,3193,64423,232,758,64776,2463,560,1854,830,221,255,65249,25,43,146,362,76,199,65159,65428,64674,78,65128,364,366,47,710,65032,251,65295,65509,379,338,401,1012,65050,1339,64103,856,64716,604,481,556,1496,339
1776376872.1947234,0.6428,744.33,712,16,4467,4526,4076,0,1090,65535,65514,29,33,24,22,15,17,5,11,65522,29,65521,22,65531,12,10,4,62,19,65532,10,30,1,35,65532,65519,65534,65515,65530,21,65533,9,65530,0,65520,65519,65534,24,37,27,32,16,65528,12,65480,28,29,29,28,43,23,43,65528,9,22,65521,8,3,18,46,44,127,143,114,1350,64828,3922,64123,4196,63590,4004,62881,3385,63727,64925,1168,62037,1488,64556,1919,1640,2216,2028,1238,592,65518,65010,65499,65389,531,327,547,337,65382,181,64878,468,65272,814,206,230,95,64715,65275,64656,130,198,653,559,567,65023,65415,63444,65144,63265,501,64528,1745,370,1518
1776376874.0317547,0.6193,750.69,718,16,4322,3999,2800,0,1071,54,42,65535,21,65530,5,2,13,65530,65529,65530,13,14,4,30,65515,39,65527,53,72,46,23,18,0,20,14,35,8,22,11,27,21,18,21,47,29,56,64,36,35,23,10,43,1,69,65530,55,15,39,41,37,25,38,4,17,3,40,26,53,30,34,21,30,28,65142,65422,63231,63644,62628,62278,63024,61856,63621,61504,197,62125,2881,1525,1899,2525,64803,451,62979,134,63859,819,196,789,499,166,65467,65526,65264,142,65482,21,6,65028,65059,64523,64894,65064,195,344,1007,582,339,177,64898,137,65213,564,1203,1063,2400,1027,1361,855,64984,1236,63738
1776376875.5376916,0.6052,748.52,716,24,3999,4106,3430,0,1101,38,42,65522,13,65521,65516,2,31,65529,37,14,34,28,16,50,18,65512,78,65507,85,65531,77,46,42,20,9,65528,12,65533,4,21,41,4,46,34,31,9,38,20,65527,46,30,20,65,24,64,1,25,24,11,32,31,31,27,47,33,14,45,23,10,31,17,65535,36,185,65000,1857,62569,2846,62140,3261,62457,3560,62803,1985,63854,62378,949,63836,65354,365,64931,65213,65138,63052,365,63797,609,12,156,94,44,65232,65504,65073,65200,38,64496,334,64093,65369,64946,64683,381,64681,368,64985,64970,65001,64570,65247,322,65516,2325,316,2917,65238,1655,64035,195,63322
1776376877.04247,0.5959,747.39,715,24,4584,4602,3978,0,1214,65503,48,25,21,9,37,65515,38,65509,47,13,54,18,15,34,45,20,46,65488,35,65502,44,65509,44,21,30,65525,14,2,21,2,65533,10,19,65521,51,65522,30,23,38,49,25,0,11,65495,27,30,37,50,33,38,40,28,49,65535,23,65533,6,32,13,30,48,97,65522,1188,65489,3847,631,4309,1278,4190,1683,3974,1880,197,65241,62679,62736,65498,63509,3144,233,1630,65412,64123,64364,63191,64526,64792,65465,184,48,102,65419,41,11,312,378,840,522,560,88,64994,65170,64591,65163,65481,65366,560,65282,65278,65230,63313,65361,62740,114,64286,65401,461,64744,1083
1776376878.5466495,0.624,750.56,718,24,4789,4768,3773,0,1203,113,65521,35,9,25,65519,17,24,22,12,39,65496,8,65535,65500,65528,55,47,63,6,29,22,6,65527,65535,27,14,17,0,65529,20,65513,37,21,48,38,8,38,21,65520,23,65504,41,65517,29,65526,6,0,10,9,34,65524,44,65526,50,65520,60,65524,20,14,65530,65534,65508,50,64845,77,61926,64831,61110,64118,61162,63824,61177,63969,63312,840,2473,3038,619,1271,63798,65217,64060,969,656,2121,1963,1075,862,65253,70,65437,65531,343,65518,318,65214,65419,64603,65038,65042,65396,829,288,1498,444,357,356,65035,485,71,276,1706,65456,2490,65102,1277,23,65388,928,64717
1776376880.0518346,0.6052,746.89,714,24,4266,4029,2311,0,977,65529,65535,65518,18,19,15,4,65511,3,65508,65530,12,65534,26,13,56,19,42,10,10,65523,65535,65491,9,24,33,8,11,10,5,9,17,65534,65534,65511,0,65502,65531,20,36,68,55,50,32,65531,4,65522,65532,35,37,22,29,65530,7,6,38,65525,15,65512,23,65532,36,10,18,302,145,1891,1768,2751,3362,2506,3660,2328,3759,1415,1665,64184,62054,65014,62788,1977,1799,2425,2308,467,64767,64309,63326,64756,64927,65516,53,140,65513,57,65473,65440,234,38,997,253,785,65386,65343,64726,64510,65136,65021,221,113,229,93,65059,65045,64005,64184,64434,64493,105,65212,873
1776376882.0037577,0.8258,746.34,714,16,2604,3071,2347,0,276,11,6,20,8,59,32,12,43,5,42,26,65528,26,65520,48,26,26,56,13,52,24,17,39,1,47,37,33,65,65534,23,3,65530,52,11,32,59,5,28,65532,15,32,65533,66,25,41,60,22,46,42,24,23,10,36,65531,54,29,11,51,2,24,7,65507,69,65374,881,64664,1980,63975,2642,63728,2258,64061,65167,65358,63582,646,64725,175,816,64800,881,64394,65323,64915,64889,282,65316,538,50,156,65442,65343,65453,65432,231,105,601,104,430,40,65462,200,65176,476,65363,205,165,65250,105,65299,65187,417,64939,912,65138,580,65335,65236,65497,64765,29
1776376883.5617454,0.6146,749.88,717,24,4512,4340,2495,0,1045,65534,57,1,25,30,6,4,26,65521,8,17,41,6,22,20,16,29,7,11,42,18,56,2,50,33,21,9,21,18,30,24,14,65534,20,0,51,65507,47,8,14,45,21,18,23,65532,7,65528,16,30,37,29,37,17,21,22,42,65527,73,2,38,32,19,32,65528,204,65307,2134,64050,3840,63494,4079,63762,4144,64005,2202,64442,61983,550,62808,65366,2069,63880,2617,63719,64936,65086,63202,916,64663,947,65535,177,65515,65438,65462,65491,187,187,868,319,774,76,65352,142,64533,516,65093,281,217,65385,151,65405,64898,387,63913,1165,64350,782,65284,65333,198
1776376885.0648327,0.6193,747.5,715,24,4534,4443,3682,0,997,47,35,25,65534,7,2,65535,53,5,46,38,45,59,36,30,8,36,64,24,104,57,87,35,54,19,18,14,32,41,12,31,1,35,46,32,71,24,28,39,19,15,19,11,37,21,66,20,17,46,65527,16,9,23,21,77,47,74,65,45,39,24,23,65511,65527,65286,64819,65129,61964,20,61096,301,61070,445,61156,220,63274,65417,3247,123,1655,64875,64022,63651,63611,64316,163,349,1286,685,843,58,211,65194,137,65426,4,369,65160,452,64945,53,51,65413,1050,65535,1038,65497,38,65319,65144,65451,199,376,1607,691,2131,108,1005,64671,65456,64450
1776376886.703752,0.6287,745.53,713,24,4548,4516,3555,0,1164,65463,61,17,27,4,21,5,21,2,30,1,78,14,58,39,43,65513,18,65510,1,5,22,23,26,29,17,25,19,31,27,12,7,13,6,21,12,10,24,41,20,16,6,8,65529,65514,17,29,9,59,16,31,37,9,53,65515,61,5,65523,13,11,31,33,63,65508,814,65405,3496,306,4338,785,4351,860,4325,345,1435,63801,62874,63699,65201,65420,2545,252,2566,64144,65523,63858,63900,65389,64584,639,65431,116,60,65232,97,9,583,992,1097,1433,511,485,64776,65400,64296,65527,65441,173,657,53,65473,65378,63738,65241,63081,65435,64621,65310,773,64756,1257
1776376888.2063372,0.6099,748.36,716,20,4323,4388,3883,0,1017,14,74,35,8,23,23,5,59,18,48,46,57,1,46,65529,43,12,45,27,53,36,47,65534,50,11,29,15,15,23,6,24,31,36,40,65519,86,65510,52,65521,65531,19,20,33,36,26,57,5,41,31,22,27,59,31,39,39,66,25,21,27,13,24,4,65528,65481,342,64448,1846,62131,2548,61802,2734,61913,2379,62180,64269,295,62645,2669,65250,65332,1609,62392,103,63386,64218,811,64845,1735,111,694,11,11,65402,65447,74,24,733,65529,958,65235,195,65469,65056,661,65119,809,12,41,84,65144,65363,143,64752,1441,64660,1959,65019,715,65065,64955,65237
1776376889.7717412,0.6334,749.72,717,32,4546,4423,2986,0,1254,65505,18,65511,27,22,17,65532,14,65508,29,65513,34,9,17,26,24,12,43,3,60,8,37,65479,30,65500,35,4,1,19,11,0,5,65535,15,65521,43,65509,25,28,14,38,33,28,8,65516,30,65506,40,26,43,5,65,43,53,2,30,65497,38,65535,37,40,28,6,3,424,65355,2918,65187,4443,20,4491,321,4461,427,2107,65360,61943,64440,63299,64304,2330,64751,3222,64265,393,64180,63276,65378,63914,715,65335,246,103,65315,73,65423,300,476,1047,1128,914,597,65250,65531,64115,65519,64971,107,549,65499,445,65357,64528,65465,62981,329,63734,261,65408,65094,896
1776376891.2827442,0.6756,751.2,719,20,4301,4425,4249,0,1144,53,2,13,13,0,24,13,41,49,14,38,65532,28,20,6,30,24,21,80,13,87,65534,44,30,0,15,17,14,0,3,4,23,28,40,67,49,57,31,45,65535,27,65523,32,16,43,29,9,65534,39,65528,41,14,43,10,58,8,51,8,15,65524,3,65525,65421,65535,63979,64924,61849,63322,61807,62789,61984,62574,62658,63278,1699,2131,2494,3260,64174,174,61892,63809,63751,65414,1326,1352,1779,672,461,65535,65435,66,65456,97,69,65344,12,64592,65210,64634,65521,65495,839,602,793,376,65474,65444,65196,65432,323,342,1828,1108,2001,1111,434,534,64701,423,64861
1776376892.8017266,0.6193,744.88,712,20,4543,4448,2566,0,1186,58,24,52,15,1,32,14,29,16,14,25,14,13,11,34,1,16,5,41,33,51,65533,28,65530,3,5,18,10,20,65530,20,16,2,10,49,29,61,10,18,65524,65512,1,5,18,31,12,20,18,9,23,27,65515,25,65517,9,10,24,10,30,6,4,65529,65512,16,65322,212,63187,867,61312,896,61111,470,61199,65004,63778,62734,3401,63478,3827,109,65147,2751,62457,2425,64198,670,1356,64422,1054,64829,65528,227,65290,482,65433,16,65202,64865,64802,64789,65043,48,271,480,853,352,259,16,65235,104,65468,168,1145,59,2156,65108,1041,65345,65363,509,64696
1776376894.4527354,0.6381,746.22,714,16,4509,4556,4237,0,1089,74,22,14,16,65526,24,12,5,51,20,49,2,25,26,31,21,44,37,52,66,25,0,33,38,24,27,31,18,32,3,0,16,65531,8,53,21,29,55,4,11,65534,27,32,29,45,15,33,35,8,27,0,30,65527,20,14,65514,8,65534,5,15,17,24,65432,125,63835,65515,61504,64768,61288,64358,61411,64053,63121,64106,2981,147,2930,339,65053,434,63435,1934,64829,2828,705,1407,503,65118,46,65045,65511,129,10,313,65186,65380,64286,64823,64391,65239,12,240,827,134,393,65390,65132,117,65386,362,1430,19,2685,64775,1797,64886,310,578,65053,1953,65312
1776376895.9598207,0.6522,751.39,719,20,4601,4474,3779,0,1232,70,36,29,11,5,11,40,26,43,32,29,67,20,37,35,65521,32,25,52,45,74,19,26,38,65511,41,10,44,34,5,18,27,28,70,21,67,31,65523,17,65514,7,27,17,41,26,57,65531,32,12,6,49,34,40,17,6,34,5,44,2,41,38,36,65463,16,64560,64735,63143,62374,63232,61656,63536,61453,64290,61770,1339,1136,1553,3840,64725,1357,62321,64815,62367,123,64517,998,1102,295,1039,65081,178,65372,65430,126,65453,65438,65338,64394,65060,63860,65433,65081,693,638,860,564,65528,65408,65080,65283,217,545,1560,1640,1784,1591,380,794,64473,467,64269
1776376897.6427243,0.6287,750.31,718,16,4467,4562,4065,0,1209,87,30,37,12,14,35,9,32,9,11,27,15,28,2,20,65533,29,50,28,51,41,23,38,11,13,34,6,37,25,65534,33,9,24,16,4,32,15,25,8,65522,25,4,62,53,102,41,32,47,65532,39,18,21,28,17,52,13,72,8,50,31,2,65517,65443,82,64154,138,61636,64943,61344,64126,61606,63457,62663,62484,1518,63575,3362,1542,65376,2380,62783,2180,62977,1883,65108,607,1116,64655,832,64643,186,65448,19,207,65361,65413,64721,64597,64576,64692,65468,26,809,366,670,47,65345,65473,65117,213,571,635,2033,676,1968,248,510,361,64821,1035,64720
1776376899.324777,0.6428,751.38,719,24,4559,4461,3816,0,1168,37,131,31,55,21,10,65526,10,19,26,57,44,36,18,52,2,19,37,65524,54,20,36,15,22,7,26,8,20,6,10,7,18,11,14,26,39,36,25,21,65528,65530,0,65534,14,33,19,14,41,13,65527,49,2,48,65526,55,34,57,39,25,51,26,21,65506,65487,65191,64441,65198,61828,286,61161,911,61219,2069,61861,2339,744,65408,3966,63873,1252,63106,63493,63113,63334,64514,65095,885,806,1101,533,191,86,65243,65529,65474,65343,505,64553,613,64142,142,65178,9,796,225,834,84,65454,65342,65150,65254,484,65479,1884,183,1954,65337,736,64543,65244,64468
1776376900.9168937,0.6334,748.05,716,28,4099,4077,4144,0,1150,65505,112,1,13,25,15,17,31,9,43,12,20,33,31,41,19,65518,32,65530,65,18,58,0,42,23,22,10,26,24,27,31,27,23,37,13,98,15,52,22,32,17,33,14,50,65535,42,27,28,28,20,35,35,45,47,17,55,13,67,24,44,36,31,9,65306,688,63587,2218,61959,2857,62186,3418,62715,3699,64722,65465,2984,62755,2226,63743,64051,64745,62201,64768,63299,65359,149,569,1082,421,471,65490,65514,65426,65450,386,65319,1230,64832,891,64743,65489,65477,65103,614,65462,403,189,65227,65479,65218,64833,756,64342,2146,64575,1635,64868,65530,64840,64199,65183
1776376902.6407719,0.6099,726.8,694,20,4767,4765,3021,0,899,65494,6,65478,32,37,20,34,30,13,44,39,31,50,17,58,47,10,51,65531,65535,23,65533,12,2,26,65526,14,14,22,28,6,23,3,35,2,46,65523,24,31,30,39,18,12,25,65516,13,28,25,60,33,65530,63,65528,39,26,59,22,44,27,65534,14,11,48,14,520,65447,2974,359,4459,1395,4299,2040,3830,2765,1026,2834,62164,64665,63712,63006,1908,63537,3114,63850,1542,64263,65134,98,64807,975,65304,493,35,65444,101,65443,525,541,1274,1112,874,546,65282,65390,64606,65388,65307,114,513,47,99,65236,64031,64869,62973,64916,64077,65041,257,64784,1215
1776376904.1458404,0.5818,744.59,712,20,4107,4019,3053,0,1155,70,65534,42,65508,10,30,11,21,13,65509,5,65519,4,13,9,25,31,13,32,30,10,65529,23,65526,9,65529,18,23,14,19,20,22,14,29,65521,25,65530,65517,8,18,17,17,32,30,22,65524,65535,65532,22,30,33,25,10,10,65532,65527,19,65496,3,65524,38,65529,36,45,65428,614,64010,2689,62689,3325,62158,2895,61652,2119,62826,64808,2222,62684,2907,64997,1011,2615,363,3329,579,1598,69,64939,65038,64565,65342,65294,154,124,63,153,64902,325,64259,729,64965,521,342,65344,524,64852,63,65405,65438,475,347,112,1231,64337,1471,63487,1038,64559,739,653,587
1776376905.7387962,0.6287,746.08,714,24,4474,4715,4555,0,1337,7,69,65533,17,65528,65519,25,34,12,26,41,4,29,65530,31,32,65511,38,65522,59,24,51,28,28,19,12,31,4,24,65533,32,5,0,25,35,65530,63,6,71,16,21,10,6,7,0,45,27,54,36,40,17,54,70,18,73,33,30,61,65525,62,65514,27,65462,65303,218,63353,1369,61329,2125,61358,2817,61772,3523,63718,379,3101,63093,2970,63333,64534,63927,62257,64145,63247,65319,85,831,1078,609,477,65484,65507,65352,65428,301,65257,1042,64593,783,64592,65506,65511,65248,852,65535,553,71,65193,65388,65196,65112,878,65032,2397,65086,2010,64829,313,64445,64498,64889
1776376907.4557486,0.6381,746.16,714,24,3886,4201,4134,0,1103,2,65513,25,37,37,48,33,35,18,15,65526,9,65531,14,5,0,69,65525,49,13,36,6,26,41,4,23,24,26,28,10,5,20,2,17,30,65528,15,10,5,10,19,26,6,13,18,1,6,12,65521,10,65531,26,65513,39,65507,2,21,65529,65535,65524,65535,0,19,220,65157,1778,63757,3709,63049,3599,62489,3144,62083,1431,16,62944,2771,63180,1943,1162,982,3254,1045,2449,432,108,65030,64510,65032,65035,48,19,196,146,65345,289,64562,824,64652,931,65507,201,405,64904,125,65009,65494,261,149,396,608,64939,924,63516,734,63796,641,65369,889,1093,654
1776376909.1557076,0.6381,748.48,716,20,4525,4498,3579,0,1182,42,97,61,52,15,65530,7,12,27,30,39,27,24,28,43,17,12,58,65526,56,39,41,21,25,10,63,9,40,14,33,42,16,69,65525,35,2,13,43,26,24,65532,65521,18,7,35,40,28,18,30,19,28,31,25,43,34,67,48,52,37,29,48,3,65508,65514,65283,64612,0,61974,759,61230,1402,61363,2379,61990,2169,574,64608,3816,63399,1260,63452,63327,63543,63014,64534,64889,581,763,954,583,216,116,65362,65520,4,65413,520,64780,706,64239,211,65004,65446,538,69,782,92,65534,65383,65110,65327,307,65528,1938,192,2404,65321,1056,64492,65225,64373
1776376910.7307093,0.6428,744.31,712,20,4524,4343,3694,0,1095,65513,60,24,27,35,30,65534,48,8,44,23,45,29,12,84,44,38,62,65514,62,23,50,24,65529,65530,22,12,20,65535,24,4,16,1,42,65524,59,65527,34,16,10,65531,14,65534,26,65526,60,48,26,43,18,24,35,36,44,35,26,12,65526,14,65533,40,8,47,65436,888,64374,3089,63018,3818,63338,4154,63960,4040,65460,65070,2338,61726,1245,63320,64269,125,62875,318,63496,65405,65251,65428,608,119,340,43,65483,70,65470,473,94,1255,65481,1220,65180,205,65423,65054,468,65294,519,300,65371,226,65024,64912,218,63933,1496,64024,1551,64763,52,65142,64053,65446
1776376912.411717,0.6287,750.44,718,24,4792,4583,3691,0,1302,63,65490,5,17,6,51,30,23,37,65532,35,14,21,31,65522,29,47,35,58,28,26,65532,16,46,31,43,23,18,26,38,34,20,50,65515,40,65514,39,65528,18,24,34,13,37,20,47,8,14,35,65530,21,65518,65532,65532,26,43,65531,25,65528,13,2,24,2,65529,137,64867,1056,62517,2689,61573,2480,61212,1873,61077,674,65084,63587,4041,64080,2798,1249,65443,3129,64818,2695,65519,590,150,64876,65476,65088,17,26,69,118,65357,9,64544,122,64295,390,65233,178,485,65136,427,64923,65357,103,65283,561,584,65485,1956,64069,2064,63781,1073,65284,373,1487,65473
1776376914.0607102,0.6146,745.52,713,20,4822,4809,3849,0,1373,65513,65499,65530,7,65534,40,65533,14,8,65533,7,13,11,7,65524,27,21,29,40,21,65512,20,65517,65531,37,29,14,16,17,1,20,5,28,65525,65522,65489,65526,65504,13,65533,39,12,26,2,24,1,12,14,15,33,1,57,65527,57,65529,34,65529,25,7,14,35,34,104,50,721,786,1724,3451,1325,4510,627,4698,64911,4540,63204,476,64659,61442,1203,62816,2498,241,2967,636,2126,65276,271,65130,65016,65468,65407,65515,185,65448,113,128,65431,975,65526,1525,106,576,65329,65142,64994,65038,65486,215,548,606,308,65351,64806,63831,64182,63331,65334,64465,1551,172,1937
1776376916.0016747,0.624,740.36,708,20,4669,4339,3733,0,1223,12,65523,65525,65533,18,40,12,7,16,21,65525,57,65529,23,12,65512,54,65524,43,65527,22,65503,1,47,55,48,4,21,21,3,25,5,49,65506,47,65513,24,65533,5,31,33,34,39,4,12,65524,65525,22,65491,39,65497,13,65534,65532,32,18,22,33,13,18,20,31,3,134,65035,1117,62939,3104,61965,3069,61483,2461,61160,913,64772,62911,3403,63103,2742,863,563,3301,65369,2866,18,585,130,64763,5,65224,87,218,115,225,65328,53,64728,259,64585,668,65296,349,381,65050,301,64722,65402,38,65346,684,386,85,1161,64264,1271,63841,850,65182,545,1326,99
1776376917.638701,0.6334,749.2,717,16,4103,4425,4176,0,1037,32,65510,35,25,28,20,14,65527,18,65532,22,17,65529,36,65520,14,16,65533,0,65531,11,25,25,37,24,13,20,6,10,3,5,5,17,30,57,65525,33,5,16,8,65533,31,5,39,32,30,44,17,13,9,8,9,65517,6,65528,65507,21,65532,22,24,39,32,95,225,65419,1741,64429,3917,63652,3971,62847,3448,62297,1012,130,62271,2692,62861,2861,1340,1554,3354,688,1781,65396,65136,65051,64677,65438,65329,201,99,107,101,65277,192,64937,540,65247,510,82,4,133,65008,65498,65225,65525,251,150,317,288,65109,306,63890,319,64171,693,65486,1154,1023,634
1776376919.3316982,0.6287,750.33,718,24,4398,4227,3928,0,1254,65456,25,20,10,4,65526,65526,10,65531,15,15,6,15,65535,13,62,65509,16,65509,20,65533,28,65532,20,22,65535,65527,13,9,34,28,26,9,43,65516,65527,0,65535,22,27,22,33,4,1,65522,65526,23,21,54,51,39,57,11,41,19,82,6,73,20,13,42,65533,134,65512,1162,347,3421,2135,3474,3117,2919,3690,1501,4323,63064,2001,62279,63032,199,62996,3118,64936,2609,57,422,65530,64892,161,65208,259,52,65524,66,65439,65530,147,313,773,893,1090,546,310,65277,65177,64889,65316,62,147,626,27,45,64887,64047,64199,63395,64385,64744,64775,1053,64575,1890
1776376921.0636659,0.6381,745.03,713,24,4671,4327,4097,0,1278,65521,11,49,13,19,12,5,9,2,11,65533,15,5,57,4,69,25,65526,15,65505,65532,13,28,25,43,5,36,16,50,16,33,0,25,65531,12,65503,19,2,43,35,43,42,6,5,9,8,26,38,11,35,65519,32,14,17,65533,8,9,3,12,37,36,24,293,23,1929,969,3410,2869,3030,3594,2288,4124,120,4201,62307,65528,63562,62321,1772,63855,3554,178,2316,373,5,46,64664,86,65226,129,70,65477,91,65475,50,342,315,1065,623,919,222,30,65085,65143,65109,65515,320,286,625,65469,65328,64531,63833,63896,63714,64347,65365,64844,1645,64702,1638
1776376922.569449,0.6381,744.3,712,24,3750,3867,3106,0,476,65511,48,22,65525,52,23,63,43,65533,71,65519,5,19,65488,66,37,39,85,65533,77,65504,5,65534,65500,75,65535,78,49,65508,57,65491,1,40,65507,63,65525,13,57,65525,72,65510,9,22,65520,60,65521,41,30,30,74,65500,43,65505,65511,45,65530,68,44,13,57,65491,28,65325,65482,64626,64369,64176,62783,64408,61964,65196,61884,1203,63495,1562,1383,168,1744,64330,210,64035,64812,64737,64953,176,21,423,250,158,184,65427,97,65463,65443,63,65161,93,65010,65481,65249,65492,98,126,265,186,4,65529,65393,65370,132,35,629,512,850,512,625,65471,413,64746,321,64894
1776376924.075702,0.6052,746.25,714,16,4801,4588,3907,0,1350,68,54,35,65534,17,4,32,27,31,25,21,46,38,20,69,65534,32,50,7,61,49,66,52,52,14,37,7,24,15,5,35,9,44,18,77,39,22,65530,13,0,19,27,30,68,33,59,15,65516,20,65530,44,13,39,7,57,65532,35,10,45,65533,1,23,65385,8,64121,64581,62723,62345,63075,61576,63810,61179,164,61233,3008,176,1470,3821,63494,1764,62024,64321,63236,64041,192,65500,1218,641,475,265,65455,78,65431,65530,58,65170,65483,64569,65219,64727,65438,12,442,593,485,268,65365,65272,65035,65445,215,796,1599,1692,1730,1410,185,770,63940,786,63792
1776376925.7947185,0.6146,747.34,715,16,4563,4744,4233,0,1313,84,21,34,11,65535,39,10,31,72,12,60,23,3,13,7,65520,44,46,94,73,64,64,22,34,8,42,27,31,11,18,19,16,50,65530,71,21,50,27,18,32,17,51,29,31,55,22,16,65534,65514,65518,65518,9,32,28,21,2,20,1,9,65530,65524,16,65446,59,64208,5,61567,64549,61281,63647,61641,62932,62871,61953,1923,63524,3614,2047,65475,2332,62299,729,62958,65400,49,65529,1213,105,484,37,65526,77,65498,20,65452,65264,65024,64805,64745,64937,65295,54,561,326,639,15,65332,65375,64952,143,365,611,2025,739,2306,377,782,520,64673,1473,64175
1776376927.3626697,0.6052,749.06,717,20,4534,4415,4067,0,1113,65505,65527,42,14,47,25,23,20,65533,30,37,36,65532,36,65534,33,8,65532,65516,65533,65531,22,27,35,45,2,27,3,36,4,12,14,14,38,27,17,32,38,18,23,65534,5,4,65518,65526,0,65535,26,0,41,65527,23,8,65535,65517,18,5,21,40,33,70,24,357,145,1759,1557,2560,3464,2036,3943,1222,4265,64587,3478,62787,63968,64951,62255,2195,65078,2742,1654,1045,831,65045,65177,64890,65043,65444,65439,81,65532,13,106,65512,529,202,1038,336,669,86,65414,65166,65088,65275,65530,380,409,452,6,65159,64473,64047,63863,64380,64392,373,64968,1874,65029,1402
1776376928.8693676,0.6381,745.06,713,16,2163,3546,3775,0,385,9,33,26,27,16,44,15,9,22,25,38,41,0,20,65521,8,14,65535,41,20,26,49,65525,49,65531,19,37,65518,55,13,45,49,15,44,12,4,25,65524,43,30,21,49,5,35,36,12,61,4,44,48,4,62,65534,37,27,65535,46,22,0,48,28,24,520,50,1885,796,3282,2100,2902,2706,595,2045,63709,65342,63719,63952,53,64614,1287,82,865,238,28,65517,65291,65494,65442,30,28,7,6,39,56,184,232,393,328,326,149,38,65366,65467,65308,39,78,132,293,7,65522,65299,64909,65229,64730,65335,65301,65322,493,65107,694,65109,58
1776376930.3714132,0.6052,744.62,712,20,4013,4280,3165,0,1155,65490,65535,3,16,62,65535,16,13,65521,9,65494,65534,28,4,31,40,65520,39,65480,65525,65532,65521,32,30,36,19,12,10,14,4,17,65534,19,29,65532,19,65518,0,31,11,12,22,33,17,5,13,5,29,39,27,21,29,29,32,65526,37,65499,65,65533,44,23,47,44,15,613,10,2892,1175,3679,2485,3254,3118,2404,3782,64758,3151,62190,64022,64537,62607,2440,64603,2850,433,720,133,64991,65342,65036,65491,65474,65533,31,65490,8,118,263,603,687,889,503,303,65426,65211,64999,65265,65494,153,572,195,170,65136,64272,64458,63355,64581,64484,65014,629,64770,1778
1776376931.9276626,0.5959,749.06,717,16,4329,3987,3916,0,1086,16,65487,12,21,12,12,4,65531,22,65530,29,25,24,35,25,26,40,20,49,19,18,25,28,21,16,18,16,8,12,7,49,22,26,20,9,10,11,35,65530,24,18,37,41,28,37,29,34,40,42,5,24,12,20,65519,13,65534,65530,0,2,13,36,29,73,293,64720,1846,62945,3289,62278,2924,61767,2246,61765,193,331,62516,3222,63769,1591,1661,65037,3100,65069,1523,138,65334,228,64922,37,65371,60,47,13,5,65157,11,64605,336,64978,470,228,86,514,65064,11,65217,65223,400,94,539,992,65079,1416,63806,865,64162,585,194,1009,1780,856
1776376933.4457033,0.6193,750.22,718,20,4594,4502,4048,0,1175,59,56,20,3,39,8,25,21,32,30,33,65528,59,0,27,65526,17,63,39,85,21,27,14,49,24,18,30,25,65533,36,11,27,7,17,8,27,21,15,21,65535,6,11,25,35,34,36,51,21,42,24,23,49,15,37,42,31,64,65529,53,65531,25,3,65362,65513,64170,64275,63220,62079,63757,61491,64537,61204,953,61777,2796,1143,725,3782,63567,1231,62862,64103,64236,64499,161,221,593,474,226,146,65522,72,29,5,112,65179,11,64595,65307,64813,65438,106,316,533,381,128,65330,65141,65069,65446,191,1021,1309,1888,1196,1382,65322,597,63688,423,63899
1776376935.013664,0.6334,747.11,715,24,4807,4835,4524,0,1258,10,74,22,19,14,18,1,38,0,33,1,20,25,38,22,18,65534,7,9,50,8,41,10,65534,2,65529,19,65513,31,65529,9,31,0,44,3,54,29,41,34,16,18,30,3,59,16,43,68,65534,37,1,31,2,23,17,6,17,18,65534,47,65525,11,65529,167,65250,1837,63996,4023,63459,4492,64092,4702,65044,3507,1718,63420,2743,61841,204,65107,63261,1878,63076,955,64641,65220,292,65114,510,65474,155,65525,65507,62,29,509,130,1119,65524,770,65279,65401,65436,64953,334,65496,302,511,65274,103,65094,64361,298,63506,1353,64130,1073,64998,65077,65330,63465,65406
1776376936.769678,0.624,750.33,718,24,4332,3977,3553,0,1085,65474,7,0,38,33,13,22,1,13,15,13,65534,6,18,65517,62,1,44,15,65534,65530,14,66,21,51,17,35,5,18,12,33,26,28,16,65528,65526,18,6,43,21,23,0,22,11,2,35,65534,27,65534,28,65525,19,65508,18,17,43,13,62,0,30,65522,15,90,23,1095,442,3016,2255,3000,3249,2434,3745,1109,4171,63335,1333,63141,62474,626,63122,2862,266,2100,888,209,59,64928,65242,65209,65471,65535,65522,18,65527,19,266,264,808,512,862,269,152,65268,65167,65088,65434,186,368,665,225,13,64960,64128,64187,63729,64430,65116,64924,1386,64753,1890
1776376938.3786757,0.6709,749.89,717,16,4831,4603,2662,0,1339,89,38,85,65535,4,30,4,34,16,14,39,2,17,0,65526,9,21,31,55,42,46,42,7,44,0,62,65513,43,17,6,14,10,40,16,27,24,66,20,42,28,19,28,30,13,57,32,45,65527,9,2,10,0,20,24,13,28,32,65533,32,65534,21,29,65507,21,65247,215,62977,392,61031,65200,60997,64425,61360,63509,63902,62425,3519,65038,2794,2360,64235,2731,62401,1819,63987,742,617,65185,978,64855,275,65416,65519,223,65482,121,65228,65259,64750,65060,64909,65443,115,191,629,25,223,65352,65093,80,65430,452,1259,456,2426,65428,1725,65407,231,857,64651
1776376940.0186896,0.6193,747.23,715,16,4546,4417,3960,0,1193,65528,65531,19,27,25,26,11,65532,12,1,32,65525,40,19,29,75,28,5,65531,65520,65490,3,26,65531,34,11,44,65532,13,4,21,65533,19,16,65519,65525,1,18,16,32,10,26,14,10,11,65529,16,31,15,53,65522,58,65518,54,65530,38,7,36,32,42,59,8,227,56,1416,1138,2511,3366,2004,3950,1283,4259,64989,3784,62983,64382,64887,61721,2270,63702,3444,679,2444,816,161,112,64581,65531,65049,122,52,65526,150,65455,18,262,108,1033,372,978,223,31,65305,64993,65193,65355,230,348,512,217,65393,64815,64231,64024,64292,64461,182,65152,1726,65224,1527
1776376941.6146302,0.6287,748.03,716,28,4279,3975,4116,0,1189,29,63,15,7,25,11,16,35,7,38,35,36,15,5,31,33,65513,30,65533,56,22,63,27,38,19,8,65533,13,16,9,3,9,3,33,26,53,6,38,3,65521,65534,65529,65525,34,11,46,33,17,21,5,20,21,21,43,58,67,31,39,21,21,19,65513,5,65289,791,63632,2401,62023,3085,62335,3665,62988,3728,65274,64965,3170,62109,1885,63161,63716,65126,61882,65504,63005,49,89,312,1199,216,511,65484,65516,65477,65450,286,65452,889,65132,673,64966,65443,65449,65161,481,10,310,240,65193,65481,65124,64815,614,64579,1903,65010,1443,65090,65454,64566,64021,64719
1776376943.118781,0.685,744.47,712,20,4358,4416,3646,0,1186,34,65482,32,1,17,34,17,18,18,5,31,17,39,12,4,13,31,15,53,65515,50,65491,29,65511,29,8,3,8,10,9,23,35,28,24,11,65525,33,65517,15,65533,6,25,13,65534,65526,65524,65515,7,65531,36,11,47,4,4,3,65517,4,65511,13,65530,25,36,32,127,65497,966,64252,3341,63426,3905,63113,3769,62576,2942,64151,63977,1774,61760,2384,64679,1272,3199,434,3184,65521,130,65127,63644,65284,64768,109,298,139,315,65286,33,64836,221,65054,855,138,1003,358,297,124,32,26,673,447,1151,1032,89,1037,63949,364,63589,189,64979,918,1036,1443
1776376944.9386714,0.6662,745.84,713,16,4520,4310,2645,0,1030,27,65517,17,19,32,47,27,23,31,13,55,65528,41,16,65532,11,65535,3,18,65520,32,65503,58,65511,35,8,32,65528,36,1,27,4,36,65528,39,21,4,39,29,13,19,4,39,65525,33,65524,18,65529,32,1,27,17,26,15,23,27,65526,13,16,12,47,7,85,23,342,338,746,2491,154,4304,64871,4376,64104,4114,63896,978,683,61937,2282,63289,2408,1341,1619,2705,718,1107,65384,65132,65095,65147,65461,65529,183,68,68,197,65270,810,65342,1451,175,945,255,81,56,65438,88,577,517,1047,533,185,36,64319,64865,63692,65102,64503,610,65330,1567
1776376946.5126646,0.685,744.92,712,24,4499,4063,2336,0,1143,65517,105,1,75,8,65518,22,27,4,30,65504,29,4,5,48,43,63,32,23,44,12,67,6,20,5,65516,12,17,28,28,33,22,19,37,65535,47,7,35,9,27,40,65531,12,17,32,40,42,31,39,1,35,49,22,28,26,45,11,55,20,22,31,65531,32,0,102,65154,1590,63611,3434,62973,4046,63678,4240,65149,442,2120,61677,1381,62709,64041,702,62152,1556,62507,140,64306,65034,569,26,906,134,235,65448,65267,10,65261,620,65381,1269,65160,650,65190,65317,162,65227,563,347,88,756,64912,113,65257,64594,802,64116,1639,64702,916,64990,65119,64866
1776376948.106674,0.6709,744.31,712,24,4061,4130,3808,0,991,40,46,42,15,16,65528,40,19,7,12,41,65531,41,26,44,41,49,80,39,62,23,36,28,28,18,14,45,41,40,37,16,15,65521,48,11,86,35,43,32,65520,23,65518,10,46,19,103,39,37,19,65515,27,21,25,44,33,49,24,33,17,47,18,34,65515,65456,148,64340,1578,62127,2705,62087,3355,62626,3896,63858,2065,1507,64154,2632,64626,110,64867,63727,64732,63623,65183,65179,306,629,311,644,65344,186,65163,65367,390,65091,1616,64466,1191,64520,37,65236,65306,287,221,238,260,65005,65218,64695,64608,266,64740,1845,65419,1904,65278,327,64287,64303,63953
1776376949.7656987,0.6756,751.19,719,16,4007,3552,4263,0,833,15,79,14,24,45,18,15,52,23,32,38,42,39,32,65530,21,25,22,21,1,30,65517,66,65524,55,21,43,14,38,14,36,20,58,65532,35,23,17,26,28,14,31,13,58,7,1,65524,38,13,41,36,46,22,14,65531,22,19,11,10,65531,63,62,336,229,523,65470,63786,64314,61603,62699,62766,61853,1244,63119,3382,64678,1438,1070,63340,65484,64950,63846,2212,64671,1749,1174,64936,1834,64169,677,65079,65102,142,64468,115,64547,156,65100,424,65492,397,65368,65528,64865,65264,64851,65522,267,287,1511,275,1390,65398,577,16,531,1095,753,1842,384,647,133
1776376951.3806581,0.6522,745.45,713,12,2830,349,339,0,347,22,23,42,63,18,43,65517,12,65522,22,14,7,34,29,73,48,11,47,65531,33,45,1,58,13,55,14,13,23,65535,33,9,18,35,10,23,48,65522,104,65499,64,5,65532,51,65518,50,40,20,102,65511,57,65530,65503,61,65518,70,27,6,60,65508,40,65535,65530,38,1,65496,65520,65250,65425,366,7,2734,488,3479,753,2860,1054,65407,1045,63452,499,64609,74,422,64697,216,64097,65126,64783,65104,218,65496,383,185,20,286,65314,313,65294,197,65191,65500,65060,65350,65213,65510,65387,195,65333,152,65153,65368,65368,64927,544,64808,1138,65127,734,65012,46,64660
1776376953.1006439,0.3988,746.36,714,16,2429,373,500,0,266,37,65483,45,20,9,39,65528,60,65534,6,30,10,50,29,23,74,25,51,53,42,13,15,42,65518,24,20,7,34,3,45,65516,33,32,65532,45,0,35,47,6,17,65532,0,18,28,51,52,49,53,65521,46,65533,36,2,14,20,10,46,5,26,47,1,67,65519,24,34,85,37,512,65206,135,64017,63507,63991,62791,64559,63247,655,65528,1397,1323,426,561,64490,89,64100,454,65059,563,541,146,613,65351,9,65385,65225,65373,65175,65411,65152,94,65165,422,65294,436,65369,81,65217,65423,65114,133,21,381,926,401,1358,50,767,7,285,489,237
1776376954.6074715,0.3847,746.69,714,16,4163,1553,1055,0,763,21,29,29,29,30,23,20,46,4,23,65530,16,78,38,53,33,29,36,6,41,10,26,12,41,14,6,65529,29,16,6,46,46,25,51,30,35,22,29,37,9,18,33,15,38,9,27,13,21,11,11,65526,65535,46,13,76,28,63,11,10,16,9,15,65511,48,65199,208,64574,335,65242,64074,1185,61681,940,61389,64681,61865,63414,64902,65382,1567,1091,621,65093,64517,63468,64052,64606,65202,1016,704,1332,763,428,174,65402,65183,65115,64780,64773,64796,64586,65360,64895,245,65331,65461,65327,64916,65127,65115,65394,820,512,2121,753,1715,59,753,64511,994,64311
1776376956.2086213,0.6756,751.38,719,20,4504,4550,3989,0,986,1,44,65522,5,65500,65529,9,18,37,65534,32,20,23,24,29,25,65487,12,65510,51,19,45,54,47,26,14,27,16,43,8,36,7,65527,26,65526,29,65528,43,25,38,46,26,45,48,24,23,12,20,26,65534,18,3,13,48,26,77,28,52,0,64,14,43,65510,65431,1131,65137,3959,261,4266,1278,4061,1914,3538,2661,130,2154,62420,64439,65247,64746,1585,65083,534,64732,63684,64386,63380,65103,65047,44,75,65515,134,65429,247,65368,444,65188,234,65048,65074,65077,64636,65116,64632,64873,64592,64403,64333,64899,63935,782,64021,1621,64582,745,64376,64972,64138,64332,65050
1776376957.7866435,0.6146,745.14,713,24,4520,4460,4149,0,1107,23,0,31,65503,65527,65515,65522,65521,13,8,30,16,33,27,22,40,65517,46,65522,22,40,26,39,38,19,30,10,5,11,8,0,7,4,8,65526,36,15,48,65532,23,31,20,14,39,11,39,35,39,65525,17,14,26,33,50,30,30,65529,25,39,38,30,29,126,65278,1521,63945,3737,63785,4373,65085,4349,808,3397,2554,65332,3815,62126,1850,64150,64057,2145,63506,1078,65285,63706,849,62430,429,64226,65280,39,65333,45,14,65533,99,186,65517,322,65135,65463,64986,65032,65302,65039,89,65156,65,64928,70,64512,311,64682,386,65039,39,64647,64936,64049,64709,64458
1776376959.2925172,0.5161,744.41,712,24,4019,4425,3670,0,1111,29,53,28,34,39,65514,18,65516,5,1,27,65530,19,3,10,17,65514,57,7,65535,18,11,16,25,16,65535,31,13,18,24,16,25,23,49,17,14,2,27,30,46,20,32,27,8,42,5,53,19,19,34,16,43,16,49,10,42,11,35,23,22,4,3,101,12,1105,65404,3598,364,3967,1907,3281,3027,2244,3833,65377,4122,62057,1596,62489,64112,526,64953,1027,648,64981,35,63319,63806,63898,63421,65292,64873,60,65533,65451,17,65459,65478,276,65377,398,65184,65389,64994,64913,64966,65002,65156,65126,65259,64852,65222,64638,65197,64925,65115,65089,64564,64775,63683,64513
1776376960.7966838,0.5583,746.88,714,28,4521,4361,2610,0,1157,52,46,48,56,44,26,26,65535,65529,65492,3,65528,65514,8,65531,28,19,39,4,2,65517,16,10,35,32,56,50,52,49,33,20,16,65523,9,65530,5,30,21,45,48,56,34,69,16,34,33,15,42,77,50,72,27,14,38,65513,46,65530,57,34,26,26,28,19,11,382,65308,2369,64488,4226,64912,4390,653,4171,1548,3639,2504,1166,3421,62559,1355,63965,65480,514,144,692,331,64475,4,62452,64919,63502,64991,65151,65382,65484,41,65403,143,65467,105,65519,65481,65274,65343,64875,65388,64752,65480,64796,65496,64785,65457,64641,65460,64675,65415,64594,65224,63868,64706,63254
1776376962.6296341,0.5302,750.34,718,36,4556,4516,3904,0,1231,20,10,65506,0,65516,65522,65523,23,65529,30,2,24,19,22,32,47,22,19,65489,72,10,42,60,35,44,57,29,11,9,65535,17,30,17,48,14,43,40,11,57,65534,26,3,19,38,65532,34,29,33,24,4,16,14,15,65534,20,7,7,18,10,15,20,42,62,65490,44,64245,117,61665,646,61185,1489,61356,2357,61771,3453,63107,2846,1763,65463,3563,65503,930,892,65126,877,65395,64955,1609,63835,2596,64622,1100,65459,136,76,65,10,85,65469,14,65515,88,34,395,65501,483,65429,309,65406,357,65215,758,65058,939,65138,892,65040,1507,64615,2544,64468
1776376964.1348078,0.4363,746.23,714,16,4383,3547,3240,0,1175,49,9,42,56,39,25,39,18,6,8,18,28,20,22,41,22,18,17,31,37,45,13,64,65515,11,20,65524,42,5,34,30,65520,6,18,13,34,2,3,8,17,22,25,44,21,8,65534,18,35,17,61,4,44,15,44,2,30,65501,65532,8,10,52,15,65449,56,64360,341,62361,65386,63390,62553,848,61381,2973,63842,1266,3542,64352,4241,63523,564,117,61528,990,62052,409,558,116,2945,790,951,989,64881,347,65235,65301,356,64906,796,64811,622,64983,187,65162,65375,65333,65356,65465,55,109,196,339,65488,417,65022,375,64719,871,64731,1741,64968,1426
1776376965.6936328,0.4363,750.09,718,28,4542,4146,4341,0,1263,20,14,34,9,11,65521,5,65515,14,16,16,24,0,9,13,65530,6,11,65535,18,65507,21,33,39,65531,49,65524,28,25,4,20,15,65529,43,65521,27,1,65495,16,65506,18,22,45,60,56,61,57,13,19,4,65519,15,65513,11,65527,39,53,68,31,59,11,37,220,82,1914,766,3842,2092,3374,3185,2571,3937,2100,4192,1525,4038,64642,2618,62865,1456,63315,1560,64940,1394,465,532,65102,64779,63857,64234,64441,65023,65400,65450,211,65368,388,65026,443,64956,280,65470,61,200,65503,65463,6,64887,65522,64641,65332,65188,65057,191,64598,428,63731,108,63030,64940,63887
1776376967.3997364,0.4457,745.22,713,28,4569,4496,4022,0,1215,44,65534,20,27,42,59,52,65,39,40,27,16,22,24,9,24,50,55,62,33,27,40,7,27,65525,23,21,26,35,9,25,8,23,30,28,27,22,18,13,10,65531,14,1,65523,21,15,32,16,9,24,65532,28,65530,51,20,36,12,65529,21,65524,36,65534,65436,17,63924,57,61552,65474,61193,65015,61250,64495,61539,63958,64919,63747,3974,65121,2914,64059,65247,62815,64341,63171,588,64780,2946,633,2482,730,572,183,65500,65487,20,37,165,317,84,417,65494,191,65533,63,111,325,156,682,151,618,347,126,682,65217,996,64904,1447,64904,1945,65261,1539
1776376968.9068115,0.4316,744.14,712,24,4243,3947,3851,0,1094,55,38,37,44,30,50,37,39,28,30,20,34,34,22,28,18,59,4,40,27,45,10,65507,6,65506,40,65527,30,65532,19,20,11,22,3,32,6,5,38,65535,34,65524,12,10,65529,27,65534,8,2,19,65520,8,5,1,23,25,19,15,48,65530,40,12,2,65478,184,64594,1509,63046,3241,62373,3115,61974,2702,61815,2233,64261,65108,2122,62276,65427,62442,62851,63992,63048,64730,65515,64603,2263,63902,1764,64306,388,65232,65485,65519,68,34,316,168,330,343,58,287,17,148,335,206,738,391,672,330,349,65403,84,64873,65508,64461,213,64124,802,63848,1016
1776376970.6316392,0.4316,750.06,718,28,4568,4461,4084,0,1296,65522,62,65501,69,65504,73,65507,86,65534,65534,65528,12,8,41,24,49,44,74,34,22,3,8,18,12,19,65535,3,16,65527,22,21,12,31,27,25,16,17,26,8,21,8,7,11,8,57,14,30,65529,21,13,65534,22,65533,46,22,35,28,3,21,65527,33,27,65341,65361,64100,63840,63178,62056,63718,61544,64511,61239,510,61331,3307,64004,3893,1475,2948,167,1413,63543,1041,63272,1319,215,1497,2793,883,2334,198,523,41,3,65518,42,65311,249,65180,301,65355,95,65489,78,65316,264,64941,505,64993,437,65514,231,456,120,884,169,1353,639,1481,1277,713
1776376972.1364715,0.4223,747.19,715,28,4373,4474,4173,0,1228,24,6,65530,65522,65507,3,65498,24,65534,2,7,28,7,11,65525,32,65514,61,7,39,65519,7,53,65516,29,65531,65533,23,65518,25,6,28,33,20,22,20,8,30,7,21,43,12,61,57,56,1,31,65534,7,11,16,18,22,14,25,0,26,65529,20,1,33,42,79,65412,405,63895,1116,61645,1647,61476,2203,61716,3012,62414,3438,260,1403,3915,1536,3039,2166,525,1989,65079,769,594,64920,2220,64761,1839,65358,412,27,20,65532,2,65322,65528,65237,65405,65460,65393,65505,25,65185,59,64610,65464,64641,65369,65250,34,160,367,397,763,247,1400,65283,2225,64838
1776376973.642696,0.427,745.34,713,36,4546,4433,3916,0,1301,32,7,4,65523,65512,65511,65493,65503,65516,17,2,26,65502,65526,65520,65527,5,5,65506,65532,4,65520,28,6,48,29,62,42,30,17,20,12,40,7,11,0,8,12,10,21,3,12,2,23,40,39,35,16,23,28,9,65531,16,25,65531,34,26,34,42,36,43,72,118,45,1165,64925,3449,63596,3936,63476,4136,63824,4397,64762,3879,1523,920,3977,64785,3824,51,1996,642,437,606,700,64392,1286,63130,871,64394,30,65377,65467,65532,65530,65497,65470,65508,65282,91,65399,46,75,65305,65508,64999,65097,64977,64848,65161,65291,65270,304,65174,683,64576,981,63617,1239,63575
1776376975.1636279,0.4316,749.05,717,36,4224,3965,3827,0,1190,13,37,65522,9,65515,15,65518,65533,10,18,65534,23,65524,18,17,65528,35,65532,12,65532,6,27,8,43,32,35,26,20,8,65528,22,3,3,1,65527,35,65520,25,3,14,36,15,45,41,35,25,27,32,24,24,52,26,45,39,43,36,43,44,44,32,30,83,207,65395,1470,63931,2918,62441,3222,62490,3573,62858,4091,63857,3955,1029,1854,3675,770,3518,693,1580,506,179,344,322,64588,1308,63780,1357,64676,406,65379,26,65515,65489,65512,65348,65467,65279,1,65462,65493,109,65283,65443,64867,65008,64775,64942,65104,65454,65416,396,65452,898,64955,1532,64176,1902,64291
1776376976.8006246,0.427,746.33,714,32,4417,4247,3692,0,1252,46,65534,9,65529,65516,65533,65483,65526,65526,5,10,30,65524,19,3,65532,17,7,65519,29,9,17,23,43,39,49,38,44,24,65535,17,65531,23,65531,19,3,65533,65522,3,30,65534,20,12,26,38,14,42,22,10,33,33,7,40,20,27,19,33,28,18,64,36,70,112,6,1109,64807,3148,63278,3654,63079,3914,63441,4247,64244,4116,846,1850,3583,65471,3929,138,2091,392,182,459,218,64810,1193,63364,1500,64126,542,65228,65520,65511,65484,9,65408,9,65296,67,65477,9,191,65376,81,65123,65195,64937,64940,65117,65281,65324,263,65254,749,64692,1304,63691,1595,63713
1776376978.4315414,0.427,744.69,712,28,4433,4320,2998,0,1233,16,39,15,13,10,26,19,49,16,57,17,31,10,44,0,17,2,65531,29,24,50,25,27,65528,11,6,2,65517,65531,4,1,23,22,40,46,41,28,5,17,9,16,14,39,10,46,65519,37,65511,65535,4,10,37,5,16,20,10,43,65531,24,65525,23,65534,37,1,65066,65219,62954,63942,61741,63509,61627,63513,62035,62911,63912,61716,2067,62031,3822,63671,2651,64743,59,73,65431,65002,1080,65047,2046,1142,1062,1854,72,837,65526,87,65521,65484,65442,65532,65394,76,26,71,140,140,65488,418,65092,758,65200,645,81,253,512,35,1092,222,1936,974,2000
1776376980.119545,0.4363,744.69,712,24,4516,4573,3185,0,1203,41,11,32,25,32,52,15,78,29,21,13,8,18,26,11,47,50,54,66,49,24,35,7,36,4,38,29,29,39,43,23,22,31,12,16,13,34,6,44,31,46,44,20,27,25,27,9,65525,42,2,38,17,21,20,4,27,65515,9,65533,16,21,23,65534,15,64954,65357,62638,64460,61419,63784,61591,63325,62099,62979,64865,63461,3516,64461,4080,64108,3003,63205,770,63101,65106,64307,461,156,1603,1081,1328,916,305,250,65424,79,65244,500,64997,912,64961,484,65015,65467,64911,65468,64893,281,65334,455,375,314,646,85,529,65438,928,65280,2074,65279,2232
1776376981.6805208,0.4551,747.83,715,24,4327,4086,2480,0,1263,9,22,19,0,82,65534,96,7,82,11,29,13,9,5,31,17,39,33,40,28,17,6,1,14,19,0,65526,9,65535,22,12,25,3,26,5,22,65535,30,65522,30,4,28,14,21,65533,21,2,11,65535,32,65517,16,65523,26,33,6,44,22,20,26,65523,17,1,29,65296,346,63967,2109,62931,3456,63146,3751,63946,4167,64621,4371,63945,3610,62942,64381,63654,61956,63831,63273,65011,65192,303,65370,1526,63582,1960,63007,1152,64734,179,78,65481,106,0,63,289,65453,426,65312,329,65392,321,113,535,223,619,65468,519,64899,233,64371,89,64152,501,63909,947
1776376983.1857827,0.4363,745.25,713,20,4634,4656,4265,0,1357,47,17,50,21,31,65526,66,65514,50,21,9,5,41,15,44,23,44,6,32,19,30,65517,28,16,65530,50,12,33,65533,17,32,21,16,65533,65530,65529,65532,29,29,24,37,7,19,37,14,39,36,37,31,20,45,24,20,43,37,38,21,43,65527,19,65510,65519,50,163,516,1573,1166,4003,702,4510,65213,4576,63813,4193,62102,2349,61843,64811,62694,64381,62782,65477,63014,787,64489,324,516,64615,753,63962,134,64694,65414,65326,68,11,577,115,864,130,373,65488,6,65355,99,65319,511,65251,700,65113,377,65063,65444,65017,65182,64865,64940,64158,64655,63163,65016
1776376984.8715265,0.4457,744.42,712,20,4332,4009,3207,0,849,27,35,43,59,46,34,28,22,40,8,79,20,50,54,24,83,40,68,20,30,65532,65533,43,15,34,42,14,30,65525,3,7,2,49,65535,60,61,5,81,65498,32,25,5,78,20,46,42,65528,54,65529,37,30,20,58,17,25,35,10,49,65519,12,13,65510,65497,83,64741,883,62992,2583,62230,2753,61724,2022,61669,211,63746,62829,178,62517,64753,64386,63846,65219,64432,64502,411,64264,1183,64966,857,65366,325,65281,144,65338,166,98,195,405,115,408,138,74,398,65408,591,212,579,634,434,516,237,33,120,65130,122,64912,451,64686,1092,64200,1180
1776376986.4884906,0.4082,747.55,715,16,4476,4415,3406,0,743,37,15,17,65534,30,27,35,38,14,32,59,38,15,65524,11,19,7,53,16,0,34,18,38,1,5,26,5,42,22,27,45,41,54,32,27,28,12,12,65516,65503,13,65513,29,19,35,19,65535,25,11,65534,14,65513,32,65531,60,40,50,47,28,30,6,9,31,65503,65299,64773,64315,62458,64048,61516,64377,61373,64862,61647,284,64072,1467,1074,1754,65457,2132,65025,2021,496,839,832,65474,403,61,294,649,639,674,861,30,582,65008,220,64964,7,65416,160,223,359,109,380,65347,304,65308,362,15,404,191,334,287,182,473,403,740,967,640
1776376988.1405585,0.502,731.22,699,24,4632,4540,4114,0,1140,80,91,38,45,33,17,26,8,3,40,25,50,52,19,38,65529,57,15,60,4,46,65529,20,65532,31,17,61,22,17,12,26,65518,30,65515,38,4,27,2,12,65535,9,65523,0,65529,32,23,25,65533,31,65515,14,2,2,14,21,18,8,28,5,1,65522,65523,65418,65479,64089,64626,62028,63147,61668,62885,61512,63140,61430,64861,186,3129,3065,3090,392,65074,62780,62405,63845,64248,1842,1970,2075,1485,84,65139,65135,64937,61,1,845,270,1413,279,754,130,232,151,324,314,689,350,768,173,365,120,26,244,65404,431,65435,270,65516,65500,13,65314,114
1776376989.6477966,0.4879,744.28,712,20,4534,4554,4060,0,1124,61,91,30,38,26,8,3,8,3,34,3,31,65527,28,23,14,36,48,54,44,9,30,32,8,39,25,48,22,27,29,25,8,38,11,42,12,4,16,13,32,31,37,34,26,24,26,26,30,8,14,12,7,21,44,23,41,15,36,24,65523,56,4,65529,65484,65156,64197,64703,61695,64636,61218,64600,61247,64838,62728,583,3000,808,4185,65383,532,64411,61675,64776,63707,590,2815,704,2528,65288,64872,64929,64154,65453,65446,357,509,610,540,344,182,89,162,58,487,167,625,235,349,156,183,65495,286,65237,513,65222,347,65339,65453,65406,65199,8
1776376991.3755085,0.5067,796.03,764,8,624,3634,3763,0,350,6,25,17,20,35,30,35,39,5,33,3,22,44,21,55,24,31,5,9,16,26,36,32,38,23,14,2,20,13,14,34,34,31,43,65530,65532,6,65523,34,65526,51,40,6,50,2,8,27,65530,22,1,49,34,40,31,0,17,6,65532,23,16,41,59,65214,290,63754,1110,62262,1887,62385,1866,65059,521,2565,64461,1868,64740,65084,273,64310,654,65321,216,620,65332,388,65360,65339,66,65271,145,43,16,247,65418,156,65351,39,65420,73,65524,172,65527,167,65497,70,65440,52,65467,140,48,198,135,154,150,65496,105,65434,24,29,65518,213
1776376993.0644898,0.4833,749.11,717,20,4169,4157,4014,0,950,100,65494,12,4,65532,4,7,17,33,11,28,25,13,41,9,24,41,6,32,65523,65532,7,2,16,11,23,21,65532,23,18,65535,28,10,34,10,28,21,13,20,35,65530,36,7,77,3,53,2,31,65530,19,17,7,27,8,13,9,16,10,1,24,65524,32,65463,210,64428,1691,62968,3390,62787,3488,62824,3509,64205,2335,2459,63166,2719,62567,65292,406,62909,3153,64886,1120,2116,63127,1296,63572,64794,645,64701,1038,65535,53,256,64871,172,64547,74,65094,197,65407,402,65276,370,65034,192,65042,141,65292,284,65521,462,145,233,137,65471,115,65305,127,2
1776376994.5704465,0.4926,744.25,712,16,4439,4440,4031,0,1018,65490,48,10,52,11,39,20,38,49,41,16,19,14,41,8,48,65529,36,11,19,55,28,30,25,7,35,27,40,9,29,24,35,4,45,8,42,0,16,31,22,32,35,16,27,21,7,1,13,18,59,32,33,9,6,6,29,8,24,39,34,38,39,152,14,1564,65463,4036,65504,4449,48,4430,65446,2340,64734,62085,64689,61646,65156,641,162,4046,466,1319,85,62863,65440,63661,141,706,225,1234,132,77,50,64735,310,64569,525,65227,251,65418,32,65259,65506,65074,83,65166,178,65344,102,65419,65463,65403,65271,65497,65356,131,10,222,119,65526
1776376996.075773,0.4833,747.77,715,24,4355,4308,2812,0,1105,67,95,39,82,31,17,26,6,65535,12,12,43,16,55,26,43,52,12,37,31,41,39,68,37,42,9,45,12,33,18,20,27,65,35,39,30,19,18,8,65533,9,65530,21,9,30,23,12,10,26,8,42,13,16,11,32,32,12,33,2,14,53,65517,35,65526,65232,65146,63894,63143,63198,61821,63150,61786,62881,62048,63076,64749,1027,3874,1313,2604,64776,63034,64018,62334,102,588,1747,3131,954,1101,65356,64966,65338,65256,209,241,1028,788,1075,604,374,260,92,324,357,642,768,704,680,474,231,249,65476,260,65389,250,65439,81,65467,65447,65508
1776376997.5814092,0.4926,730.14,698,28,4654,4611,4358,0,1310,89,114,29,38,2,19,65534,17,25,47,34,45,38,15,21,65508,33,7,56,1,51,15,62,21,63,57,75,33,28,18,14,65521,2,65530,3,9,65529,65524,65529,65519,12,65517,65531,1,14,24,32,0,26,65506,18,4,36,20,43,35,27,19,10,65519,18,65516,65386,65472,63806,64583,61767,63215,61570,62992,61495,63120,61588,64253,612,2248,3386,2684,65296,65016,62180,62712,64082,64583,2713,2058,2517,1466,65358,65150,64794,64942,67,49,1168,421,1674,327,733,127,182,210,489,500,1144,573,1211,274,612,172,153,269,65519,434,65493,235,65452,65492,65402,65374,75
1776376999.318453,0.4739,746.53,714,24,4756,4759,3747,0,1366,50,65493,1,2,0,65535,10,65535,39,8,82,24,43,9,65517,27,65497,65518,65531,65524,4,6,65526,16,65535,6,65510,19,10,17,2,35,19,43,12,23,12,38,20,53,18,49,25,57,16,64,0,43,65532,29,65526,4,0,0,6,3,0,7,65534,44,65520,51,3,74,79,947,85,3745,65469,4751,65,4759,984,4532,2560,389,1280,61172,158,63519,64558,3630,65121,3319,555,63971,477,62100,65368,65145,65102,1403,65461,420,65420,65069,65054,64320,65149,64808,65464,65311,76,65196,65513,64798,65205,64691,65267,65017,50,65305,401,65383,419,65451,125,39,65495,146,65473
1776377001.077455,0.5442,743.58,711,16,4543,4499,3395,0,1052,83,85,52,65529,31,7,36,1,19,44,32,48,43,65526,54,65503,81,9,58,15,52,23,14,19,0,20,24,37,17,4,5,4,20,0,65527,65513,11,65533,24,65523,23,65526,65533,65533,65525,13,19,13,37,14,38,5,21,13,45,33,30,38,36,33,33,37,1,65530,64802,65348,62364,64642,61336,64339,61223,64617,61224,3,63218,2027,2771,1586,1328,63959,63180,62882,63309,64470,802,666,1976,618,661,65247,19,65247,27,14,502,206,1234,202,1086,139,508,221,317,344,628,306,956,115,696,42,248,169,34,256,65520,193,65495,65457,65359,65061,65425
1776377002.735473,0.563,745.95,713,20,4836,4690,2545,0,1274,5,60,65533,56,65528,17,1,36,21,11,0,7,16,50,56,64,45,68,25,41,37,24,71,9,46,65522,65531,25,35,15,18,15,35,23,59,65521,20,65524,18,7,24,1,52,23,21,18,11,28,26,40,42,14,11,17,0,32,7,36,17,43,38,15,27,65535,98,65200,521,63132,992,61104,812,60913,65474,60915,63196,62450,62429,2254,65433,3030,3020,63809,2316,62445,65505,65361,64228,2608,65506,1257,708,65352,381,65349,5,261,65525,997,116,1236,50,603,65413,222,65394,422,1,797,108,761,65493,316,65306,38,65290,65511,16,65532,507,65476,646
1776377004.2396688,0.5114,748.2,716,20,4587,4606,4325,0,1196,65493,65520,7,4,65527,18,24,65534,31,65507,22,65500,3,23,19,57,3,45,65504,63,3,30,9,11,1,38,65534,46,29,30,22,23,7,31,16,20,24,10,58,27,32,40,41,20,61,34,34,48,5,57,19,43,9,25,15,19,10,12,56,33,58,44,191,54,1748,409,4058,1166,4320,1243,4372,957,2883,64721,62726,63216,62013,63886,677,470,3859,1903,1681,620,62711,64244,63258,64836,607,559,1042,642,31,26,64940,65535,64701,199,65115,146,65325,65514,65122,65328,64894,65433,64943,117,65241,7,65418,65290,65478,65092,28,65320,204,84,385,295,79
1776377005.7438774,0.5255,746.78,714,24,4234,4264,2724,0,1145,36,112,28,92,6,10,21,10,65524,39,65516,16,42,39,61,12,56,27,31,37,45,2,38,2,20,17,40,42,22,27,5,5,7,1,4,17,65521,20,4,0,27,65505,16,2,9,65534,3,65523,14,65525,26,13,16,14,37,38,51,43,23,29,16,65532,1,65507,65205,65165,63610,63303,62687,61993,62535,62061,61993,62758,62207,492,850,4080,1668,1698,64764,62105,63887,62501,135,911,1666,2728,765,390,65516,64772,65473,65311,245,213,992,628,1081,517,476,265,189,296,449,480,775,496,585,320,195,247,65461,291,65411,265,65472,58,65457,65349,65497
1776377007.249204,0.5114,745.11,713,24,4455,4318,4132,0,1136,59,87,22,20,37,4,28,17,65535,41,33,31,61,4,39,65510,51,7,55,28,27,22,35,24,59,5,39,27,8,10,4,16,65528,1,17,6,3,4,7,12,4,1,1,65520,17,65516,48,65532,30,4,21,12,18,65534,32,9,7,13,32,7,6,65518,65353,65444,63842,64486,62026,63080,61851,63038,61584,63558,62057,623,1351,3711,2640,2474,64844,63619,62865,62490,64762,65241,2250,2462,1575,941,65361,64843,65221,65081,82,62,659,185,1007,71,573,59,301,206,457,353,733,308,692,165,303,163,65527,287,65447,427,65488,168,65463,65410,65413,65190,112
1776377008.7546675,0.5114,746.2,714,20,4463,4571,4312,0,1223,50,65493,13,2,7,1,59,11,54,9,36,65528,13,65526,11,32,2,65517,0,65535,65508,23,65526,41,7,31,4,18,5,21,65530,34,65522,26,33,27,15,40,65530,49,65529,52,6,45,17,51,19,17,65530,65534,65535,11,21,4,28,65530,5,7,11,10,65531,24,11,210,65443,1767,65087,4211,65092,4471,73,4465,1853,3475,3048,63994,1032,62083,64332,1094,64101,3864,65404,1352,942,62631,181,63427,65112,424,65265,650,27,65501,65496,64782,65180,64389,65331,64949,39,65245,142,65087,65486,64805,65286,64867,65486,65255,164,65467,305,65486,158,65524,65510,130,65362,288,65462
1776377010.2575047,0.4926,747.8,715,24,4623,4557,2839,0,1171,36,65498,29,65523,24,9,22,11,45,26,60,5,21,9,13,16,13,16,4,13,65531,23,19,19,9,31,22,11,14,15,11,2,26,24,20,48,29,33,21,26,23,45,25,25,22,23,7,19,9,25,20,28,10,18,7,3,3,65530,15,20,15,38,24,44,177,456,768,2682,1012,4339,1127,4376,1879,4003,2675,357,489,61320,65253,62964,65326,3067,332,3711,307,65169,65258,62309,65120,64503,65403,841,5,458,65426,65363,64962,64854,64883,64921,65319,65246,65535,65218,65463,65008,65177,64966,65172,65164,65502,65347,303,65364,411,65355,147,65531,65477,200,65428
1776377011.7597451,0.4973,749.12,717,24,4518,4588,4436,0,1168,65507,84,24,42,26,31,17,15,65508,17,13,58,42,9,57,37,57,53,29,33,20,1,22,27,21,57,24,43,16,27,27,19,39,65530,7,65506,5,65518,33,65522,50,65520,27,65527,27,11,45,29,45,14,27,11,27,19,27,44,11,34,48,11,56,65529,110,65310,556,63569,1278,61414,1232,61251,599,61163,63904,62441,62480,2232,64308,3110,1761,64140,1894,62236,65336,65313,63947,3046,65285,1559,710,64991,416,65038,15,189,86,989,273,1200,101,579,65404,330,65302,508,65534,734,169,654,6,311,65293,76,65156,11,65412,65512,117,65408,227,65331,22
1776377013.5124466,0.5396,745.55,713,20,4895,4889,3788,0,1312,21,65502,11,65527,1,8,26,10,53,65524,34,65516,65527,4,65494,31,10,6,9,17,8,31,14,41,26,25,19,65528,22,8,24,47,65534,64,2,64,20,65,18,24,8,25,11,45,19,49,65535,25,65511,28,65528,43,2,25,18,3,16,65525,12,59,0,62,6,105,287,928,872,3594,1047,4651,1342,4583,2418,3904,3116,65409,477,61334,64548,64579,65067,4042,509,2805,218,63558,64972,62690,65084,65422,65402,812,34,154,65327,65066,64747,64417,64805,64716,65345,65157,33,65132,65374,64953,65084,64929,65213,65141,47,65327,355,65348,322,65441,73,81,65462,258,65503
1776377015.0197673,0.5208,749.41,717,28,4566,4584,3873,0,1179,39,65507,16,13,12,18,43,15,69,12,38,18,6,65534,18,43,26,8,22,4,8,26,5,32,18,65533,18,0,5,3,17,33,15,57,12,56,15,35,65528,30,11,28,9,36,25,21,10,28,65522,40,65528,41,5,11,65533,65521,14,65534,2,45,2,60,54,83,414,1059,1240,3596,1410,4264,1668,4182,2547,3443,2445,64775,64824,61589,64654,65432,310,4150,691,2472,65259,63250,64659,62786,65271,65493,94,735,53,114,65213,65079,64656,64534,64977,64939,65481,65293,31,65188,65307,64873,65012,64901,65212,65171,45,65351,282,65362,262,65423,60,110,65497,394,65525
1776377016.523241,0.5208,749.08,717,28,4750,4645,4507,0,1245,56,65488,65531,65535,65533,15,11,20,51,15,32,6,65532,65516,65535,0,14,0,10,12,65524,34,65533,19,2,0,13,21,19,20,11,20,65534,28,65535,54,65528,30,65533,46,17,15,65529,61,65533,22,14,3,6,3,65534,7,6,65531,20,11,18,18,65524,40,65523,8,65432,294,64478,2020,63185,3940,63215,4086,63822,4343,766,3798,3685,64207,1968,62891,63325,1410,62827,3063,65327,457,1881,62740,698,63889,65201,240,65300,365,73,65404,274,64559,167,64271,128,64962,228,65324,327,65154,261,64825,125,64820,151,65240,259,14,345,123,126,88,65385,115,65299,152,63
1776377018.0286152,0.5208,744.03,712,20,4560,4498,4394,0,1208,65527,65508,35,19,18,16,26,9,29,65527,2,14,65530,36,65527,57,65518,23,2,10,65526,44,65534,33,65523,11,65525,5,23,22,51,33,31,30,35,27,21,41,33,63,32,33,30,43,17,36,11,23,7,31,8,10,12,27,12,45,2,30,28,65,20,53,304,162,2061,1083,3868,2190,3994,2103,4203,1512,3547,64648,63893,62115,62844,64110,1467,2473,3121,2438,402,65495,62700,63643,63869,65027,225,397,297,201,65438,65497,64571,65396,64185,65534,64910,65506,65306,65352,65162,65232,64828,65374,64790,65527,65231,65472,65508,65316,82,65261,71,65479,106,176,159,304,65396
1776377019.5317914,0.4973,746.28,714,24,4587,4535,4023,0,1162,65520,71,26,14,11,7,2,65535,5,65525,6,10,21,32,32,65533,25,37,37,18,46,8,35,9,24,31,22,57,9,23,31,65528,23,6,11,12,24,65517,39,65519,39,65523,20,65516,18,65525,38,65535,42,24,23,18,4,16,4,18,19,22,55,65527,37,65528,59,65451,572,64192,1706,61934,1916,61474,1549,61330,65506,61411,62760,65204,63312,3244,742,118,2557,62267,1010,63720,64212,2257,64558,2569,220,202,328,65100,11,65518,65457,704,45,1409,78,958,65462,376,65316,396,65370,684,18,773,65532,497,65373,160,65190,65529,65360,65483,81,65454,254,65372,63
1776377021.205421,0.5255,749.09,717,20,3958,4067,3944,0,935,65527,65512,35,19,19,23,20,32,13,20,1,10,65528,32,17,33,10,13,9,19,17,37,15,18,65535,65533,4,10,8,22,65534,44,65515,38,32,25,20,30,23,38,10,40,11,30,42,34,23,43,6,27,16,12,65521,14,65509,24,19,46,28,46,21,40,213,222,1568,1550,2887,3245,2932,3357,3025,3225,1639,916,63130,62283,63168,62826,703,1173,2564,3195,580,618,63300,63081,64040,64241,539,646,648,618,65464,65475,64753,65139,64601,65201,65209,65400,65494,65340,65395,65156,65146,65169,65071,65329,65320,65367,80,65247,206,65181,138,65475,120,289,126,422,65499
1776377022.7503953,0.502,744.17,712,20,4633,4628,4314,0,1171,76,74,17,32,10,65526,8,6,30,20,18,38,27,15,36,65531,53,1,65,10,25,33,3,6,65,16,64,21,9,12,13,13,29,10,13,6,10,1,65528,1,65530,65519,65515,65521,65527,65529,3,14,14,65523,25,17,20,15,45,8,37,16,26,65529,24,65531,65404,65489,63874,64732,61772,63412,61508,63211,61468,63350,62961,64971,2758,2358,3597,2322,65406,65211,61984,63076,64155,64720,2744,1738,2298,1255,65017,65189,64466,64974,65533,65535,813,124,1042,49,434,21,145,144,300,336,598,315,630,91,372,106,93,312,65485,510,65482,261,65440,65400,65308,65139,65528
1776377024.2532225,0.5302,749.5,717,24,4190,4154,3309,0,1117,51,82,37,83,23,19,24,6,29,25,29,68,65535,54,17,20,31,20,49,26,26,4,24,6,15,13,45,19,43,31,65518,21,65528,65516,65535,4,65518,11,0,13,14,65534,34,65531,65526,65530,65534,65508,32,65516,26,10,10,27,20,1,17,65533,19,65529,25,65513,65510,65516,64844,64951,62885,62934,62345,62176,62339,62141,62551,62234,327,78,3231,3345,2058,2014,63748,63358,63531,63330,848,1032,2284,2485,333,319,64096,64048,64876,64884,847,490,1545,699,823,279,155,188,81,535,513,845,959,681,789,438,279,581,65383,942,65291,688,65365,65495,65413,64958,65518
1776377025.7562375,0.4786,745.5,713,20,4639,4618,3732,0,1233,11,65464,65527,65528,65532,16,13,18,52,33,48,65534,21,2,65519,65530,2,7,65533,65534,65530,17,7,65522,65529,65505,15,65515,23,11,11,45,24,30,11,36,21,23,65532,25,0,38,65533,51,5,39,65529,19,65529,15,4,21,11,18,29,65534,21,3,6,25,65514,32,65534,66,65478,895,64989,3611,64679,4420,64637,4430,64659,4025,150,64393,955,61216,607,63639,64930,3892,65098,3219,454,63853,620,62210,29,65343,65383,1656,3,443,65449,65088,65261,64394,65369,64969,26,65397,205,65318,174,64988,65474,64944,65477,65140,210,65321,507,65421,394,65534,47,115,65330,304,65408
1776377027.373438,0.4879,746.31,714,16,4545,4536,3965,0,1147,90,21,51,39,4,28,10,32,11,28,30,40,29,43,11,16,19,5,38,16,36,3,27,22,19,14,25,26,37,36,31,38,7,60,65531,43,0,31,22,34,48,27,33,30,40,41,22,20,25,1,39,2,20,23,34,19,23,24,35,17,55,19,65458,38,64218,260,61691,429,61104,364,61103,397,62229,419,2413,65528,4347,65284,839,6,61499,305,63084,233,2418,65422,3007,65290,65370,14,64209,216,65330,62,644,65292,1031,65008,526,65205,234,65504,437,111,675,65517,558,65345,292,65443,212,231,216,521,93,372,65326,65534,65090,65309,65438
1776377028.8762548,0.5161,745.97,713,24,4075,3985,2163,0,961,65501,37,65504,67,23,2,14,0,16,65533,19,65531,21,13,28,7,22,33,31,44,32,52,27,28,23,69,65533,50,14,48,14,15,55,15,38,11,27,32,8,23,45,65534,48,9,21,8,24,65533,50,24,55,27,17,14,11,33,65535,43,5,13,64,3,62,26,209,65323,1430,63734,2880,62275,2966,62206,2909,62219,967,64311,62759,3097,63156,2713,997,64556,2711,62504,318,64977,63214,2678,64372,1675,738,64696,670,64670,65493,191,65204,985,65327,1003,65483,312,65396,90,65160,287,65167,584,65337,587,65349,249,65192,65472,65183,65361,65506,65460,344,65473,413
1776377030.6334002,0.5583,745.19,713,20,4185,3948,4045,0,1133,65522,33,17,14,65510,65533,65535,65528,13,8,38,65533,48,22,39,32,65534,7,12,6,16,39,2,13,24,65524,22,7,25,33,7,27,65529,14,65526,17,32,65530,27,8,7,39,15,31,19,14,24,17,38,7,33,37,24,43,52,23,18,10,13,65529,6,11,125,65472,918,64178,2161,62048,2867,62321,3991,64710,3275,2775,2047,3937,1147,3047,63966,64723,62703,64895,63948,2096,65414,1969,65146,65207,63860,63765,63848,64539,64923,54,0,79,243,65264,5,65147,65154,37,65225,272,50,65417,238,64968,104,65351,65315,502,64873,937,64424,362,63752,65068,63679,64943,64755
1776377032.1813557,0.5724,746.42,714,20,4668,4476,3722,0,1182,65521,65512,10,55,3,20,8,8,12,2,65519,7,65522,22,21,10,65527,17,65505,40,65525,44,65501,50,65520,18,65527,25,15,19,15,40,65534,28,65524,24,19,16,48,32,40,23,47,42,45,25,6,30,65526,35,7,20,65535,1,65515,9,23,25,26,49,65533,62,76,78,952,761,3113,2529,3806,2774,4124,2270,4452,738,1667,62938,62628,63119,64799,1723,2661,3292,1943,1071,63955,63674,63327,64141,65214,159,337,300,127,3,64985,65396,64057,65353,64496,65477,65312,65421,65369,65307,64910,65311,64566,65482,64935,65520,65440,65393,141,65305,134,65416,139,205,208,465,27
1776377033.7793715,0.5536,744.36,712,16,4271,4600,3991,0,1149,46,16,26,65531,18,38,3,31,11,36,22,35,32,40,38,10,54,16,9,36,9,103,35,17,88,65531,61,65527,18,10,4,27,37,49,37,38,12,65533,28,14,28,10,9,39,9,27,13,30,65533,0,12,65517,29,23,28,57,33,16,26,13,65533,48,65501,17,64372,65313,61689,65073,61025,65292,61323,65417,40,65110,4520,65084,4032,65155,134,735,63539,2237,1046,1887,2925,498,767,65464,63795,561,64118,877,41,341,324,65465,65433,65119,65039,65155,65440,65522,400,145,245,16,65276,65408,65265,65314,428,65355,1178,145,1027,899,248,1815,65297,2032,65523
1776377035.3623686,0.5724,749.56,717,20,3149,4459,3402,0,1159,73,65530,22,65522,12,47,8,28,8,35,1,24,20,14,31,65533,8,21,49,71,67,27,25,9,26,3,21,32,35,31,21,31,41,35,6,33,30,41,65532,65535,7,5,3,10,3,65535,7,14,18,65529,29,16,12,20,22,65528,7,19,15,22,23,51,7,49,64791,65274,62380,64662,61378,64444,62849,63799,2717,63647,4312,64496,3704,64435,27,245,63979,2535,1925,2369,2951,699,334,39,63734,625,64341,1001,64,519,217,156,65231,65384,64833,65316,65335,9,275,100,96,65523,65167,65454,65207,65370,323,65258,1048,65369,1029,689,474,2123,4,2724,100
1776377036.975334,0.5396,747.38,715,16,4225,4141,3600,0,1130,61,18,35,20,65497,30,65516,39,33,36,29,35,23,37,23,50,22,57,2,37,29,11,18,13,28,28,35,37,34,14,29,13,41,34,49,52,28,27,8,33,28,19,1,21,5,35,22,36,44,19,37,23,60,65531,33,15,40,19,28,3,23,42,65535,5,65014,64633,63352,62515,62895,62088,63757,61789,2045,63307,4113,1538,3642,1884,78,647,62274,227,64999,2181,2246,2597,1056,1052,63865,65420,63403,123,65033,435,108,255,23,65477,65309,65276,65416,65489,285,166,377,94,93,65419,65480,65421,218,74,550,403,211,996,64602,1829,63936,1987,64777
1776377038.9714684,0.5583,741.64,709,16,3711,3769,2747,0,664,35,18,20,17,15,18,41,18,61,42,18,84,65527,44,65527,22,20,47,30,73,18,45,65529,22,65520,65520,28,29,18,48,33,42,31,46,43,40,25,22,19,65532,37,1,39,16,35,5,35,15,19,24,37,40,62,70,18,64,9,20,26,7,16,20,65514,64,65020,430,63338,2139,62522,2965,62501,2647,64255,64945,1860,62155,1992,62591,642,65445,268,1863,1465,161,1693,64187,580,65057,65425,1115,111,1144,313,215,204,65385,65388,11,65204,248,65486,126,204,65341,56,65328,65368,62,65353,132,10,65413,273,65108,609,65268,1127,384,1452,830,1063
1776377040.5633655,0.563,748.5,716,16,4358,4351,3486,0,1074,65512,18,16,50,38,9,32,65533,18,15,25,33,10,28,36,25,26,65534,44,19,17,26,65534,41,25,26,65532,13,21,21,49,20,35,8,13,4,18,1,28,23,18,24,2,5,4,65533,24,65535,36,28,58,58,29,75,65515,36,65532,40,7,23,40,2,44,41,748,629,2993,2093,3789,2370,3816,2288,1519,1541,61938,64529,61588,64234,64561,65007,2739,64820,460,63651,63001,63825,63885,65108,1112,51,1723,65178,343,65020,65272,65326,65498,229,340,433,184,95,65216,65383,65066,9,65441,274,44,332,65238,176,64721,65371,64778,64678,127,63688,873,63199,551
1776377042.1893365,0.5396,749.48,717,16,4398,4620,3689,0,1053,55,25,31,44,18,16,19,30,34,62,23,41,36,17,29,16,36,50,7,32,34,24,27,34,53,20,59,20,18,30,65535,38,65530,32,28,30,45,22,28,12,26,26,35,31,24,40,38,32,31,38,40,25,35,45,46,13,27,15,24,15,0,26,65529,9,64600,65397,61931,65324,60965,65464,61228,65299,65391,64458,4496,64599,4035,64945,65516,774,62829,2138,955,1428,3262,65462,1167,65356,64457,676,64545,934,174,346,420,28,65477,65415,65135,65452,65473,65530,351,65489,240,65432,65431,65456,65364,65457,195,65409,685,65468,834,509,539,1450,212,1856,181
1776377043.6952317,0.5536,744.55,712,16,4432,4459,3443,0,1192,81,16,58,65528,23,65533,4,10,15,6,27,21,7,4,18,65519,24,2,15,48,53,21,28,7,65523,47,20,32,15,27,9,65532,37,10,46,39,35,19,23,17,15,24,1,25,14,35,65534,3,13,31,5,11,7,19,1,65522,5,65525,2,19,44,38,19,14,64869,65085,62521,63891,61568,63641,61595,63641,64194,63976,3848,606,4182,1183,1406,1024,62825,1192,65115,1985,2788,1609,1862,515,64213,128,63606,481,65282,419,384,141,153,65299,65263,65171,65390,65492,375,213,428,32,65526,65325,65375,65296,197,65451,766,255,740,890,65465,1832,64803,2451,65140
1776377045.2933545,0.5396,746.47,714,16,4435,4521,3667,0,1171,41,4,12,26,16,29,3,39,38,15,40,44,14,30,65519,3,18,22,34,49,25,37,8,17,21,20,14,13,8,33,10,11,17,27,23,18,26,21,16,27,40,32,38,30,46,33,35,23,5,22,49,21,61,45,28,14,17,0,19,29,41,55,1,14,64584,65500,61920,141,61122,363,61182,259,63850,64554,3845,63966,4110,64399,1298,425,63858,2533,891,1800,3198,65501,1646,65118,64367,823,64200,1319,72,486,383,9,65524,65358,65137,65411,65409,2,382,65486,351,65361,65370,65417,65246,65476,175,65369,812,65410,1069,557,800,1784,508,2438,408
1776377046.924333,0.5489,750.48,718,16,4526,4575,3642,0,1079,31,65519,20,8,22,36,5,60,12,20,35,45,24,19,11,62,37,46,29,34,36,28,33,65534,22,44,6,11,22,19,4,10,25,24,42,19,27,30,2,23,16,25,49,20,44,13,11,65531,40,6,31,45,6,18,1,15,5,18,25,24,19,51,65509,68,64586,206,62122,861,61293,1275,61302,1114,63770,64761,3408,63128,3681,63563,1270,170,64488,2704,1098,1376,2844,64767,1428,64806,64654,1078,64558,1604,125,502,349,65500,65520,65428,65098,49,65307,105,237,65465,233,65358,65388,65517,65308,21,171,65328,830,65134,1272,114,1256,1366,959,2081,491
